event_id,event_type,user_id,product_id,event_timestamp
1,view,475,566,01-01-2024 06:47
2,view,703,546,01-01-2024 07:43
3,add_to_cart,703,546,01-01-2024 07:44
4,checkout,703,546,01-01-2024 07:47
5,payment,703,546,01-01-2024 07:55
6,order_placed,703,546,01-01-2024 07:56
7,view,222,509,01-01-2024 08:40
8,add_to_cart,222,509,01-01-2024 08:42
9,view,633,571,01-01-2024 10:59
10,view,678,540,01-01-2024 12:22
11,view,238,588,01-01-2024 17:16
12,view,909,542,01-01-2024 18:43
13,view,1040,571,01-01-2024 19:02
14,view,868,568,01-01-2024 20:42
15,add_to_cart,868,568,01-01-2024 20:45
16,checkout,868,568,01-01-2024 20:48
17,view,493,515,01-01-2024 21:38
18,view,883,552,02-01-2024 02:18
19,view,854,599,02-01-2024 02:49
20,view,872,507,02-01-2024 08:42
21,view,1013,528,02-01-2024 10:45
22,view,545,582,02-01-2024 11:09
23,view,528,593,02-01-2024 12:50
24,view,152,533,02-01-2024 15:33
25,view,391,596,02-01-2024 16:16
26,view,923,521,02-01-2024 17:34
27,add_to_cart,923,521,02-01-2024 17:36
28,checkout,923,521,02-01-2024 17:37
29,payment,923,521,02-01-2024 17:42
30,view,372,560,02-01-2024 20:27
31,view,935,533,02-01-2024 20:45
32,view,102,548,02-01-2024 22:21
33,add_to_cart,102,548,02-01-2024 22:22
34,view,1074,529,03-01-2024 01:18
35,view,438,506,03-01-2024 04:44
36,view,1009,582,03-01-2024 06:02
37,view,404,537,03-01-2024 07:37
38,view,750,520,03-01-2024 08:59
39,view,513,572,03-01-2024 11:36
40,view,877,557,03-01-2024 12:09
41,view,256,563,03-01-2024 12:54
42,view,848,595,03-01-2024 19:30
43,view,170,509,03-01-2024 19:45
44,view,805,584,03-01-2024 22:24
45,view,856,582,04-01-2024 01:21
46,view,341,513,04-01-2024 01:41
47,view,881,583,04-01-2024 01:57
48,view,127,535,04-01-2024 03:22
49,view,795,598,04-01-2024 04:53
50,view,882,559,04-01-2024 07:23
51,view,723,523,04-01-2024 08:02
52,view,551,550,04-01-2024 08:50
53,view,311,567,04-01-2024 12:35
54,view,408,576,04-01-2024 13:01
55,view,203,571,04-01-2024 16:35
56,view,1032,562,04-01-2024 16:36
57,view,1064,580,04-01-2024 19:07
58,view,275,594,04-01-2024 19:38
59,view,466,591,04-01-2024 21:34
60,view,819,596,04-01-2024 22:31
61,view,950,582,04-01-2024 23:17
62,add_to_cart,950,582,04-01-2024 23:19
63,view,957,539,04-01-2024 23:47
64,view,218,583,05-01-2024 00:10
65,add_to_cart,218,583,05-01-2024 00:10
66,checkout,218,583,05-01-2024 00:14
67,view,865,583,05-01-2024 01:55
68,view,669,575,05-01-2024 02:34
69,view,520,535,05-01-2024 04:30
70,view,758,515,05-01-2024 07:00
71,view,1032,540,05-01-2024 09:40
72,view,555,552,05-01-2024 10:05
73,add_to_cart,555,552,05-01-2024 10:05
74,checkout,555,552,05-01-2024 10:10
75,payment,555,552,05-01-2024 10:11
76,order_placed,555,552,05-01-2024 10:13
77,view,828,521,05-01-2024 10:31
78,view,878,536,05-01-2024 11:17
79,view,775,537,05-01-2024 11:36
80,view,719,501,05-01-2024 12:18
81,view,737,529,05-01-2024 13:56
82,view,989,545,05-01-2024 17:32
83,view,645,592,05-01-2024 18:08
84,view,139,528,05-01-2024 19:52
85,view,292,535,06-01-2024 01:15
86,view,470,599,06-01-2024 02:18
87,view,864,511,06-01-2024 05:11
88,view,929,530,06-01-2024 06:13
89,view,332,544,06-01-2024 09:07
90,view,349,520,06-01-2024 11:48
91,view,914,543,06-01-2024 12:18
92,view,462,558,06-01-2024 13:13
93,view,114,555,06-01-2024 13:20
94,view,523,600,06-01-2024 14:00
95,view,857,536,06-01-2024 15:33
96,view,104,520,06-01-2024 17:13
97,add_to_cart,104,520,06-01-2024 17:15
98,checkout,104,520,06-01-2024 17:15
99,payment,104,520,06-01-2024 17:20
100,order_placed,104,520,06-01-2024 17:22
101,view,126,506,06-01-2024 18:13
102,view,445,550,06-01-2024 19:56
103,view,391,511,07-01-2024 01:16
104,view,664,567,07-01-2024 06:45
105,view,1070,532,07-01-2024 07:45
106,view,711,569,07-01-2024 12:54
107,view,383,586,07-01-2024 13:40
108,view,903,528,07-01-2024 15:01
109,add_to_cart,903,528,07-01-2024 15:03
110,view,778,594,07-01-2024 15:06
111,view,741,512,07-01-2024 17:00
112,view,987,574,07-01-2024 21:53
113,view,897,526,08-01-2024 01:32
114,add_to_cart,897,526,08-01-2024 01:34
115,checkout,897,526,08-01-2024 01:38
116,payment,897,526,08-01-2024 01:40
117,order_placed,897,526,08-01-2024 01:40
118,view,925,579,08-01-2024 02:36
119,view,169,588,08-01-2024 04:14
120,view,590,582,08-01-2024 11:34
121,view,225,584,08-01-2024 12:54
122,view,940,551,08-01-2024 15:41
123,view,793,591,08-01-2024 22:00
124,view,634,539,08-01-2024 22:02
125,view,730,503,09-01-2024 07:05
126,view,449,559,09-01-2024 09:41
127,view,840,510,09-01-2024 10:10
128,view,450,581,09-01-2024 11:09
129,view,174,550,09-01-2024 11:40
130,view,420,579,09-01-2024 11:44
131,view,444,523,09-01-2024 12:14
132,view,687,584,09-01-2024 14:19
133,view,1073,559,09-01-2024 15:00
134,view,472,549,09-01-2024 17:53
135,view,776,553,09-01-2024 18:39
136,view,541,528,10-01-2024 03:50
137,view,599,600,10-01-2024 04:37
138,view,848,577,10-01-2024 04:43
139,view,698,588,10-01-2024 05:41
140,view,468,569,10-01-2024 06:37
141,view,279,593,10-01-2024 10:45
142,view,579,561,10-01-2024 10:50
143,view,283,538,10-01-2024 13:42
144,view,444,543,10-01-2024 17:33
145,view,675,555,10-01-2024 22:25
146,view,347,573,11-01-2024 01:43
147,view,649,558,11-01-2024 04:59
148,view,839,507,11-01-2024 05:21
149,view,829,535,11-01-2024 07:29
150,view,214,596,11-01-2024 07:59
151,view,665,541,11-01-2024 08:05
152,view,318,581,11-01-2024 10:38
153,view,136,600,11-01-2024 11:34
154,view,832,503,11-01-2024 11:45
155,view,968,523,11-01-2024 15:19
156,view,601,547,11-01-2024 20:56
157,add_to_cart,601,547,11-01-2024 20:57
158,view,660,548,12-01-2024 01:17
159,view,480,550,12-01-2024 03:26
160,view,202,571,12-01-2024 04:55
161,view,1017,576,12-01-2024 10:36
162,view,952,569,12-01-2024 11:26
163,view,575,545,12-01-2024 14:22
164,view,451,527,12-01-2024 16:39
165,view,107,507,12-01-2024 16:56
166,view,753,535,12-01-2024 17:28
167,view,254,526,12-01-2024 21:03
168,view,471,571,12-01-2024 23:21
169,view,581,508,13-01-2024 00:04
170,view,455,531,13-01-2024 09:57
171,view,950,576,13-01-2024 11:08
172,view,251,513,13-01-2024 12:31
173,view,102,571,13-01-2024 12:35
174,view,561,527,13-01-2024 13:53
175,view,621,506,13-01-2024 17:22
176,view,722,508,13-01-2024 19:40
177,view,983,535,13-01-2024 22:11
178,view,712,599,13-01-2024 22:32
179,view,408,524,14-01-2024 05:26
180,add_to_cart,408,524,14-01-2024 05:27
181,view,1086,506,14-01-2024 08:39
182,view,264,502,14-01-2024 09:48
183,view,139,565,14-01-2024 10:50
184,view,1064,544,14-01-2024 14:06
185,view,557,569,14-01-2024 15:03
186,view,1058,524,14-01-2024 17:05
187,view,342,531,14-01-2024 17:42
188,view,425,541,14-01-2024 20:16
189,view,747,578,15-01-2024 00:13
190,view,1076,581,15-01-2024 02:44
191,add_to_cart,1076,581,15-01-2024 02:45
192,checkout,1076,581,15-01-2024 02:46
193,view,533,524,15-01-2024 04:03
194,view,657,587,15-01-2024 05:22
195,add_to_cart,657,587,15-01-2024 05:23
196,view,389,524,15-01-2024 10:04
197,view,521,591,15-01-2024 12:23
198,view,117,541,15-01-2024 14:56
199,view,847,595,15-01-2024 18:15
200,view,812,503,15-01-2024 18:40
201,view,328,576,15-01-2024 22:56
202,view,110,525,16-01-2024 02:49
203,view,1054,598,16-01-2024 03:36
204,view,564,584,16-01-2024 10:21
205,view,1016,534,16-01-2024 10:37
206,view,485,600,16-01-2024 10:50
207,view,877,573,16-01-2024 13:17
208,view,619,515,16-01-2024 15:01
209,view,687,504,16-01-2024 18:56
210,view,143,556,16-01-2024 21:12
211,view,690,530,16-01-2024 21:54
212,view,632,593,17-01-2024 00:44
213,add_to_cart,632,593,17-01-2024 00:45
214,checkout,632,593,17-01-2024 00:48
215,payment,632,593,17-01-2024 00:56
216,order_placed,632,593,17-01-2024 00:57
217,view,504,515,17-01-2024 03:06
218,view,1074,560,17-01-2024 04:30
219,view,120,547,17-01-2024 11:21
220,view,688,537,17-01-2024 12:09
221,view,944,586,17-01-2024 16:47
222,view,765,560,17-01-2024 18:17
223,add_to_cart,765,560,17-01-2024 18:19
224,view,535,583,17-01-2024 19:45
225,view,903,532,17-01-2024 21:04
226,add_to_cart,903,532,17-01-2024 21:06
227,checkout,903,532,17-01-2024 21:08
228,view,428,564,18-01-2024 02:01
229,view,418,580,18-01-2024 05:41
230,view,835,591,18-01-2024 06:20
231,view,312,555,18-01-2024 06:41
232,view,1031,556,18-01-2024 10:11
233,view,306,587,18-01-2024 13:00
234,view,984,515,18-01-2024 14:57
235,view,766,504,18-01-2024 16:15
236,view,602,507,18-01-2024 21:34
237,view,1013,523,18-01-2024 22:12
238,add_to_cart,1013,523,18-01-2024 22:14
239,checkout,1013,523,18-01-2024 22:18
240,payment,1013,523,18-01-2024 22:20
241,view,329,578,18-01-2024 23:08
242,view,640,594,18-01-2024 23:46
243,view,568,522,19-01-2024 00:27
244,view,1098,548,19-01-2024 04:18
245,view,852,526,19-01-2024 04:35
246,view,397,537,19-01-2024 09:04
247,view,649,600,19-01-2024 10:07
248,view,119,548,19-01-2024 15:02
249,view,727,513,19-01-2024 17:15
250,view,992,544,19-01-2024 21:03
251,view,376,515,19-01-2024 21:50
252,view,1091,520,20-01-2024 09:37
253,view,223,594,20-01-2024 12:51
254,view,190,563,21-01-2024 00:29
255,view,895,553,21-01-2024 00:56
256,view,1042,503,21-01-2024 06:12
257,view,432,596,21-01-2024 06:46
258,view,1032,545,21-01-2024 07:27
259,view,740,591,21-01-2024 08:20
260,view,633,590,21-01-2024 09:24
261,view,844,537,21-01-2024 11:02
262,view,330,520,21-01-2024 11:43
263,view,828,511,21-01-2024 11:53
264,view,728,539,21-01-2024 14:33
265,add_to_cart,728,539,21-01-2024 14:34
266,view,176,596,21-01-2024 15:04
267,view,368,510,21-01-2024 15:57
268,view,636,519,21-01-2024 18:44
269,view,723,549,21-01-2024 21:10
270,view,1010,544,21-01-2024 22:25
271,view,496,559,22-01-2024 01:10
272,add_to_cart,496,559,22-01-2024 01:11
273,checkout,496,559,22-01-2024 01:14
274,payment,496,559,22-01-2024 01:19
275,order_placed,496,559,22-01-2024 01:20
276,view,268,531,22-01-2024 02:54
277,view,192,546,22-01-2024 03:27
278,view,151,541,22-01-2024 03:28
279,view,765,576,22-01-2024 06:02
280,view,951,547,22-01-2024 06:05
281,view,352,560,22-01-2024 06:27
282,view,1053,533,22-01-2024 08:57
283,view,705,534,22-01-2024 10:25
284,view,166,515,22-01-2024 11:34
285,view,1033,559,22-01-2024 12:40
286,view,510,560,22-01-2024 21:30
287,add_to_cart,510,560,22-01-2024 21:32
288,view,313,527,22-01-2024 22:42
289,view,1089,577,22-01-2024 22:47
290,view,443,573,22-01-2024 23:55
291,view,944,552,23-01-2024 01:53
292,view,792,578,23-01-2024 03:02
293,view,617,520,23-01-2024 05:35
294,add_to_cart,617,520,23-01-2024 05:36
295,view,171,574,23-01-2024 09:49
296,view,932,593,23-01-2024 11:31
297,view,895,517,23-01-2024 11:44
298,view,946,545,23-01-2024 12:14
299,view,435,568,23-01-2024 13:06
300,view,567,573,23-01-2024 13:30
301,view,178,554,23-01-2024 13:54
302,view,755,518,23-01-2024 15:07
303,add_to_cart,755,518,23-01-2024 15:08
304,view,358,595,23-01-2024 21:24
305,view,861,557,24-01-2024 02:10
306,view,612,552,24-01-2024 09:18
307,view,368,542,24-01-2024 13:14
308,view,1026,526,24-01-2024 20:38
309,view,450,538,25-01-2024 01:49
310,view,313,552,25-01-2024 02:55
311,view,1056,567,25-01-2024 06:48
312,view,1033,564,25-01-2024 07:55
313,view,699,510,25-01-2024 10:31
314,view,853,518,25-01-2024 11:36
315,view,653,548,25-01-2024 20:20
316,view,664,517,25-01-2024 20:23
317,view,543,509,25-01-2024 20:38
318,add_to_cart,543,509,25-01-2024 20:41
319,checkout,543,509,25-01-2024 20:42
320,payment,543,509,25-01-2024 20:52
321,order_placed,543,509,25-01-2024 20:53
322,view,1005,526,25-01-2024 21:50
323,view,399,589,26-01-2024 01:53
324,view,677,569,26-01-2024 05:00
325,view,772,552,26-01-2024 06:55
326,view,105,548,26-01-2024 08:44
327,view,967,572,26-01-2024 09:09
328,view,1086,518,26-01-2024 11:09
329,view,317,599,26-01-2024 14:49
330,view,894,574,26-01-2024 15:21
331,add_to_cart,894,574,26-01-2024 15:22
332,view,976,575,26-01-2024 17:41
333,view,719,541,26-01-2024 20:47
334,view,608,549,26-01-2024 22:14
335,view,980,524,26-01-2024 23:21
336,view,650,568,27-01-2024 06:33
337,view,327,590,27-01-2024 09:24
338,view,310,557,27-01-2024 09:35
339,add_to_cart,310,557,27-01-2024 09:36
340,view,309,502,27-01-2024 13:05
341,view,233,529,27-01-2024 17:18
342,view,422,564,27-01-2024 19:34
343,add_to_cart,422,564,27-01-2024 19:36
344,view,722,563,27-01-2024 22:55
345,view,1029,544,28-01-2024 03:32
346,view,972,589,28-01-2024 05:21
347,view,721,517,28-01-2024 05:21
348,view,729,528,28-01-2024 06:32
349,add_to_cart,729,528,28-01-2024 06:34
350,view,736,599,28-01-2024 15:38
351,view,717,587,28-01-2024 21:00
352,view,148,501,29-01-2024 03:26
353,view,453,594,29-01-2024 05:24
354,view,266,521,29-01-2024 05:32
355,view,1083,508,29-01-2024 10:35
356,view,641,556,29-01-2024 11:03
357,view,324,558,29-01-2024 13:18
358,view,294,574,29-01-2024 14:12
359,view,776,598,29-01-2024 15:45
360,view,1022,544,29-01-2024 19:46
361,view,169,510,29-01-2024 21:35
362,view,408,568,30-01-2024 01:36
363,add_to_cart,408,568,30-01-2024 01:37
364,checkout,408,568,30-01-2024 01:39
365,payment,408,568,30-01-2024 01:41
366,order_placed,408,568,30-01-2024 01:42
367,view,301,517,30-01-2024 03:04
368,view,813,533,30-01-2024 03:51
369,add_to_cart,813,533,30-01-2024 03:51
370,checkout,813,533,30-01-2024 03:52
371,payment,813,533,30-01-2024 03:54
372,order_placed,813,533,30-01-2024 03:55
373,view,641,564,30-01-2024 07:24
374,view,157,505,30-01-2024 07:48
375,view,653,550,30-01-2024 07:55
376,view,115,588,30-01-2024 08:54
377,view,623,583,30-01-2024 09:02
378,view,459,513,30-01-2024 09:30
379,view,825,547,30-01-2024 10:11
380,view,278,592,30-01-2024 12:47
381,add_to_cart,278,592,30-01-2024 12:49
382,view,264,515,30-01-2024 21:04
383,view,421,531,30-01-2024 21:17
384,view,191,598,30-01-2024 21:48
385,view,840,563,30-01-2024 23:12
386,view,734,530,31-01-2024 00:49
387,view,263,592,31-01-2024 04:18
388,view,1080,545,31-01-2024 05:35
389,add_to_cart,1080,545,31-01-2024 05:36
390,checkout,1080,545,31-01-2024 05:38
391,view,583,582,31-01-2024 05:38
392,payment,1080,545,31-01-2024 05:43
393,order_placed,1080,545,31-01-2024 05:45
394,view,1006,520,31-01-2024 07:14
395,view,517,532,31-01-2024 08:34
396,view,160,570,31-01-2024 11:13
397,view,965,567,31-01-2024 11:13
398,view,208,572,31-01-2024 11:30
399,add_to_cart,208,572,31-01-2024 11:31
400,checkout,208,572,31-01-2024 11:34
401,view,743,554,31-01-2024 15:04
402,view,177,520,31-01-2024 17:28
403,add_to_cart,177,520,31-01-2024 17:29
404,checkout,177,520,31-01-2024 17:33
405,view,932,578,31-01-2024 17:34
406,payment,177,520,31-01-2024 17:36
407,order_placed,177,520,31-01-2024 17:36
408,view,255,507,31-01-2024 20:01
409,view,695,581,31-01-2024 20:12
410,view,420,547,31-01-2024 22:16
411,view,516,549,31-01-2024 23:22
412,add_to_cart,516,549,31-01-2024 23:24
413,checkout,516,549,31-01-2024 23:27
414,view,494,525,01-02-2024 01:57
415,add_to_cart,494,525,01-02-2024 02:00
416,checkout,494,525,01-02-2024 02:02
417,payment,494,525,01-02-2024 02:03
418,order_placed,494,525,01-02-2024 02:04
419,view,896,538,01-02-2024 02:07
420,view,187,580,01-02-2024 02:45
421,view,177,519,01-02-2024 20:24
422,view,1001,537,01-02-2024 23:35
423,view,379,597,02-02-2024 01:48
424,add_to_cart,379,597,02-02-2024 01:49
425,checkout,379,597,02-02-2024 01:53
426,payment,379,597,02-02-2024 02:02
427,order_placed,379,597,02-02-2024 02:04
428,view,944,522,02-02-2024 08:01
429,view,626,532,02-02-2024 08:13
430,view,928,563,02-02-2024 11:16
431,view,511,510,02-02-2024 13:54
432,view,817,594,02-02-2024 13:57
433,add_to_cart,817,594,02-02-2024 13:58
434,view,752,534,02-02-2024 13:59
435,checkout,817,594,02-02-2024 14:02
436,payment,817,594,02-02-2024 14:06
437,order_placed,817,594,02-02-2024 14:07
438,view,340,535,02-02-2024 15:44
439,view,1029,549,02-02-2024 16:11
440,view,203,587,02-02-2024 17:07
441,view,518,545,02-02-2024 17:10
442,view,146,596,02-02-2024 17:22
443,view,323,579,02-02-2024 20:39
444,view,696,532,02-02-2024 21:12
445,view,128,533,03-02-2024 00:40
446,view,535,577,03-02-2024 02:23
447,view,464,503,03-02-2024 02:37
448,view,763,504,03-02-2024 03:52
449,view,770,522,03-02-2024 04:26
450,view,699,590,03-02-2024 05:21
451,add_to_cart,699,590,03-02-2024 05:21
452,view,509,556,03-02-2024 05:55
453,view,110,536,03-02-2024 06:37
454,view,720,556,03-02-2024 13:55
455,view,647,507,04-02-2024 00:21
456,view,160,547,04-02-2024 01:44
457,view,390,544,04-02-2024 02:27
458,view,205,563,04-02-2024 03:03
459,view,521,572,04-02-2024 03:13
460,view,137,556,04-02-2024 06:40
461,view,406,574,04-02-2024 07:08
462,view,764,558,04-02-2024 07:14
463,view,1089,523,04-02-2024 08:33
464,view,412,556,04-02-2024 10:36
465,view,241,535,04-02-2024 19:17
466,view,230,541,04-02-2024 20:50
467,view,621,538,04-02-2024 21:40
468,view,582,513,04-02-2024 23:33
469,view,934,512,05-02-2024 01:14
470,view,635,539,05-02-2024 01:29
471,view,964,586,05-02-2024 05:38
472,view,233,512,05-02-2024 06:10
473,view,712,567,05-02-2024 06:56
474,view,401,574,05-02-2024 07:11
475,view,609,598,05-02-2024 08:58
476,view,154,513,05-02-2024 09:01
477,view,480,506,05-02-2024 11:39
478,view,381,508,05-02-2024 13:34
479,view,1007,520,05-02-2024 15:01
480,add_to_cart,1007,520,05-02-2024 15:02
481,checkout,1007,520,05-02-2024 15:05
482,payment,1007,520,05-02-2024 15:07
483,order_placed,1007,520,05-02-2024 15:08
484,view,475,582,05-02-2024 16:10
485,add_to_cart,475,582,05-02-2024 16:11
486,checkout,475,582,05-02-2024 16:12
487,payment,475,582,05-02-2024 16:17
488,order_placed,475,582,05-02-2024 16:18
489,view,833,539,05-02-2024 22:54
490,view,966,556,05-02-2024 22:57
491,view,467,537,05-02-2024 23:13
492,view,513,577,06-02-2024 03:36
493,view,585,584,06-02-2024 06:44
494,view,418,587,06-02-2024 07:08
495,view,282,551,06-02-2024 10:36
496,view,283,583,06-02-2024 10:47
497,view,346,516,06-02-2024 11:11
498,view,563,503,06-02-2024 11:17
499,view,576,558,06-02-2024 11:32
500,view,487,576,06-02-2024 13:30
501,view,600,568,06-02-2024 14:12
502,view,160,562,06-02-2024 14:43
503,view,648,512,06-02-2024 15:15
504,view,436,507,06-02-2024 19:12
505,view,103,587,06-02-2024 23:18
506,view,509,576,07-02-2024 04:34
507,view,671,582,07-02-2024 08:30
508,view,962,584,07-02-2024 11:14
509,view,762,517,07-02-2024 13:13
510,view,104,509,07-02-2024 20:37
511,view,666,520,07-02-2024 21:03
512,view,434,577,08-02-2024 00:50
513,view,586,541,08-02-2024 01:05
514,view,627,546,08-02-2024 01:22
515,add_to_cart,627,546,08-02-2024 01:24
516,checkout,627,546,08-02-2024 01:25
517,payment,627,546,08-02-2024 01:29
518,order_placed,627,546,08-02-2024 01:30
519,view,409,506,08-02-2024 01:38
520,view,877,594,08-02-2024 01:53
521,view,352,516,08-02-2024 02:15
522,view,309,523,08-02-2024 04:53
523,view,723,556,08-02-2024 06:55
524,view,534,509,08-02-2024 13:22
525,view,726,515,08-02-2024 16:49
526,view,342,512,08-02-2024 17:21
527,view,511,554,08-02-2024 18:50
528,view,833,524,08-02-2024 19:51
529,add_to_cart,833,524,08-02-2024 19:52
530,checkout,833,524,08-02-2024 19:53
531,payment,833,524,08-02-2024 20:01
532,order_placed,833,524,08-02-2024 20:01
533,view,970,600,08-02-2024 20:51
534,view,855,553,08-02-2024 22:08
535,view,1051,573,08-02-2024 23:17
536,view,888,530,08-02-2024 23:33
537,view,474,512,09-02-2024 01:46
538,view,572,520,09-02-2024 03:43
539,view,318,567,09-02-2024 04:14
540,view,878,577,09-02-2024 06:18
541,view,728,595,09-02-2024 08:19
542,view,358,545,09-02-2024 09:10
543,view,432,533,09-02-2024 11:18
544,add_to_cart,432,533,09-02-2024 11:20
545,view,1069,596,09-02-2024 11:24
546,view,570,525,09-02-2024 13:59
547,view,674,567,09-02-2024 14:32
548,view,561,562,09-02-2024 18:07
549,view,637,585,09-02-2024 18:15
550,view,417,563,09-02-2024 18:59
551,view,615,509,09-02-2024 19:06
552,add_to_cart,615,509,09-02-2024 19:06
553,checkout,615,509,09-02-2024 19:10
554,payment,615,509,09-02-2024 19:17
555,order_placed,615,509,09-02-2024 19:19
556,view,184,515,09-02-2024 20:13
557,view,632,541,10-02-2024 01:59
558,view,795,537,10-02-2024 04:18
559,view,973,547,10-02-2024 05:02
560,view,419,510,10-02-2024 05:09
561,view,265,516,10-02-2024 05:17
562,view,130,520,10-02-2024 05:24
563,view,1073,549,10-02-2024 06:38
564,view,168,534,10-02-2024 08:42
565,add_to_cart,168,534,10-02-2024 08:45
566,view,181,553,10-02-2024 09:56
567,view,694,579,10-02-2024 12:19
568,view,393,575,10-02-2024 13:35
569,view,1069,587,10-02-2024 14:37
570,view,701,525,10-02-2024 14:52
571,view,720,597,10-02-2024 19:04
572,view,580,528,11-02-2024 00:41
573,view,351,589,11-02-2024 03:26
574,view,300,546,11-02-2024 04:30
575,view,201,525,11-02-2024 05:02
576,view,1047,537,11-02-2024 10:04
577,add_to_cart,125,526,11-02-2024 10:39
578,view,125,526,11-02-2024 10:39
579,checkout,125,526,11-02-2024 10:43
580,payment,125,526,11-02-2024 10:48
581,order_placed,125,526,11-02-2024 10:48
582,view,685,516,11-02-2024 13:09
583,view,246,560,11-02-2024 13:23
584,view,989,559,11-02-2024 14:07
585,view,754,580,11-02-2024 14:19
586,view,287,553,11-02-2024 14:22
587,view,991,554,11-02-2024 15:25
588,view,883,541,11-02-2024 15:27
589,view,654,515,11-02-2024 17:09
590,view,353,526,11-02-2024 20:01
591,view,281,525,11-02-2024 20:50
592,view,259,573,12-02-2024 00:31
593,view,476,530,12-02-2024 03:30
594,view,875,600,12-02-2024 04:41
595,add_to_cart,875,600,12-02-2024 04:42
596,view,954,536,12-02-2024 07:52
597,view,430,587,12-02-2024 08:22
598,view,347,584,12-02-2024 11:06
599,view,1015,565,12-02-2024 15:03
600,view,849,579,12-02-2024 16:54
601,view,424,520,12-02-2024 20:47
602,view,116,509,12-02-2024 23:10
603,view,1055,566,12-02-2024 23:36
604,view,118,542,12-02-2024 23:47
605,view,217,501,13-02-2024 00:32
606,view,513,596,13-02-2024 00:43
607,view,970,590,13-02-2024 05:28
608,view,984,533,13-02-2024 06:12
609,view,174,575,13-02-2024 07:57
610,view,631,590,13-02-2024 11:04
611,view,240,524,13-02-2024 12:09
612,view,1060,584,13-02-2024 13:31
613,view,131,516,13-02-2024 13:43
614,add_to_cart,131,516,13-02-2024 13:44
615,view,765,585,13-02-2024 15:19
616,add_to_cart,765,585,13-02-2024 15:22
617,view,920,536,13-02-2024 21:43
618,view,212,590,14-02-2024 03:45
619,view,989,553,14-02-2024 04:45
620,view,112,522,14-02-2024 04:50
621,view,881,569,14-02-2024 05:24
622,view,174,512,14-02-2024 06:46
623,view,237,600,14-02-2024 08:53
624,view,889,546,14-02-2024 15:35
625,view,788,547,14-02-2024 17:13
626,view,441,583,14-02-2024 18:21
627,view,255,576,14-02-2024 18:36
628,view,137,512,14-02-2024 19:54
629,view,323,548,14-02-2024 22:03
630,view,913,503,15-02-2024 02:37
631,view,612,576,15-02-2024 04:12
632,view,212,596,15-02-2024 04:18
633,view,130,564,15-02-2024 08:11
634,view,1052,561,15-02-2024 08:55
635,add_to_cart,171,553,15-02-2024 12:28
636,view,171,553,15-02-2024 12:29
637,checkout,171,553,15-02-2024 12:31
638,payment,171,553,15-02-2024 12:34
639,order_placed,171,553,15-02-2024 12:36
640,view,988,516,15-02-2024 13:02
641,view,619,548,15-02-2024 18:26
642,view,118,535,15-02-2024 18:43
643,view,663,595,15-02-2024 19:33
644,view,805,551,15-02-2024 19:45
645,view,984,529,15-02-2024 20:31
646,view,969,524,15-02-2024 23:48
647,add_to_cart,969,524,15-02-2024 23:51
648,view,474,552,16-02-2024 00:35
649,view,1030,593,16-02-2024 02:22
650,view,907,525,16-02-2024 04:55
651,add_to_cart,907,525,16-02-2024 04:56
652,view,736,565,16-02-2024 05:06
653,view,804,585,16-02-2024 05:18
654,view,905,568,16-02-2024 09:13
655,view,265,600,16-02-2024 09:19
656,view,655,600,16-02-2024 12:07
657,view,1075,545,16-02-2024 13:34
658,add_to_cart,1074,591,16-02-2024 14:28
659,view,1074,591,16-02-2024 14:28
660,view,748,560,16-02-2024 19:40
661,add_to_cart,748,560,16-02-2024 19:42
662,view,154,533,16-02-2024 20:29
663,view,625,546,16-02-2024 23:47
664,view,575,573,17-02-2024 00:46
665,view,602,502,17-02-2024 03:26
666,add_to_cart,602,502,17-02-2024 03:28
667,checkout,602,502,17-02-2024 03:31
668,payment,602,502,17-02-2024 03:39
669,order_placed,602,502,17-02-2024 03:40
670,view,254,556,17-02-2024 03:58
671,view,503,600,17-02-2024 11:20
672,view,1010,546,17-02-2024 15:36
673,view,378,575,17-02-2024 16:26
674,view,1025,567,17-02-2024 17:57
675,view,428,537,17-02-2024 18:11
676,add_to_cart,428,537,17-02-2024 18:11
677,checkout,428,537,17-02-2024 18:14
678,payment,428,537,17-02-2024 18:20
679,order_placed,428,537,17-02-2024 18:21
680,view,667,528,17-02-2024 21:30
681,view,479,560,17-02-2024 23:27
682,view,987,504,18-02-2024 00:51
683,view,755,543,18-02-2024 01:08
684,view,251,519,18-02-2024 01:21
685,view,734,510,18-02-2024 04:46
686,view,475,553,18-02-2024 05:08
687,view,445,550,18-02-2024 05:31
688,add_to_cart,445,550,18-02-2024 05:33
689,view,571,514,18-02-2024 07:44
690,view,683,515,18-02-2024 08:17
691,view,985,577,18-02-2024 09:26
692,view,673,523,18-02-2024 10:35
693,view,831,571,18-02-2024 10:37
694,view,632,585,18-02-2024 13:52
695,view,305,546,18-02-2024 15:33
696,view,365,534,18-02-2024 16:12
697,view,624,542,18-02-2024 16:26
698,view,1014,590,18-02-2024 16:42
699,view,506,598,18-02-2024 20:19
700,view,137,592,18-02-2024 21:17
701,view,110,557,19-02-2024 01:46
702,view,669,590,19-02-2024 04:28
703,view,400,524,19-02-2024 05:33
704,view,836,591,19-02-2024 07:16
705,view,622,538,19-02-2024 07:29
706,view,347,527,19-02-2024 07:50
707,view,1013,545,19-02-2024 09:48
708,view,546,585,19-02-2024 15:42
709,view,640,595,19-02-2024 17:37
710,view,135,507,19-02-2024 17:46
711,view,822,537,19-02-2024 18:43
712,view,528,540,19-02-2024 19:03
713,view,568,511,19-02-2024 21:28
714,view,127,522,19-02-2024 21:45
715,view,448,569,20-02-2024 03:37
716,view,1061,589,20-02-2024 06:39
717,view,710,598,20-02-2024 07:09
718,view,218,529,20-02-2024 07:45
719,view,333,504,20-02-2024 08:13
720,view,320,514,20-02-2024 09:16
721,add_to_cart,320,514,20-02-2024 09:18
722,checkout,320,514,20-02-2024 09:22
723,view,270,533,20-02-2024 11:21
724,view,531,515,20-02-2024 13:11
725,view,672,534,20-02-2024 15:35
726,view,437,566,20-02-2024 17:04
727,add_to_cart,437,566,20-02-2024 17:05
728,view,1016,568,20-02-2024 20:33
729,view,505,599,20-02-2024 22:12
730,view,638,513,20-02-2024 22:15
731,view,242,555,20-02-2024 22:47
732,view,780,519,21-02-2024 02:04
733,view,909,537,21-02-2024 03:32
734,view,519,567,21-02-2024 04:51
735,view,784,516,21-02-2024 04:55
736,view,619,548,21-02-2024 06:54
737,view,1032,508,21-02-2024 10:12
738,view,937,595,21-02-2024 10:25
739,view,391,574,21-02-2024 11:34
740,add_to_cart,391,574,21-02-2024 11:37
741,checkout,391,574,21-02-2024 11:40
742,payment,391,574,21-02-2024 11:41
743,view,713,552,21-02-2024 12:35
744,add_to_cart,713,552,21-02-2024 12:37
745,view,449,531,21-02-2024 13:59
746,view,341,590,21-02-2024 15:05
747,add_to_cart,359,578,21-02-2024 15:15
748,view,359,578,21-02-2024 15:16
749,checkout,359,578,21-02-2024 15:19
750,view,182,594,21-02-2024 18:36
751,view,930,509,21-02-2024 21:22
752,view,501,583,22-02-2024 00:37
753,view,758,551,22-02-2024 02:24
754,add_to_cart,758,551,22-02-2024 02:25
755,view,391,544,22-02-2024 03:10
756,view,636,524,22-02-2024 03:21
757,view,690,593,22-02-2024 03:59
758,view,161,509,22-02-2024 05:52
759,view,790,572,22-02-2024 08:54
760,view,574,542,22-02-2024 12:54
761,add_to_cart,574,542,22-02-2024 12:54
762,view,390,532,22-02-2024 15:05
763,view,509,561,22-02-2024 23:20
764,view,289,576,23-02-2024 02:28
765,view,584,508,23-02-2024 05:36
766,view,373,595,23-02-2024 06:17
767,view,216,585,23-02-2024 13:38
768,view,899,566,23-02-2024 16:09
769,view,841,553,23-02-2024 18:24
770,view,808,586,23-02-2024 19:00
771,view,263,503,23-02-2024 22:18
772,view,564,591,24-02-2024 01:31
773,view,114,594,24-02-2024 04:17
774,view,644,599,24-02-2024 07:43
775,view,242,582,24-02-2024 08:49
776,view,768,541,24-02-2024 09:31
777,view,845,508,24-02-2024 12:58
778,add_to_cart,845,508,24-02-2024 12:59
779,checkout,845,508,24-02-2024 13:03
780,payment,845,508,24-02-2024 13:05
781,order_placed,845,508,24-02-2024 13:05
782,view,939,525,24-02-2024 13:32
783,view,210,512,24-02-2024 13:43
784,view,456,525,24-02-2024 14:55
785,view,650,594,24-02-2024 15:56
786,view,522,564,24-02-2024 19:03
787,view,271,512,24-02-2024 22:56
788,view,145,600,25-02-2024 02:48
789,view,159,513,25-02-2024 06:26
790,view,537,507,25-02-2024 07:05
791,view,270,527,25-02-2024 07:59
792,view,425,517,25-02-2024 08:00
793,view,707,537,25-02-2024 12:57
794,view,964,545,25-02-2024 15:20
795,view,980,511,25-02-2024 15:27
796,view,752,517,25-02-2024 15:46
797,view,818,507,25-02-2024 19:34
798,view,248,582,25-02-2024 20:21
799,view,222,538,25-02-2024 21:07
800,view,704,540,25-02-2024 22:17
801,view,578,581,25-02-2024 23:43
802,view,911,503,26-02-2024 02:01
803,view,549,577,26-02-2024 05:29
804,view,121,556,26-02-2024 07:24
805,add_to_cart,121,556,26-02-2024 07:26
806,checkout,121,556,26-02-2024 07:31
807,view,456,599,26-02-2024 09:55
808,view,758,517,26-02-2024 10:24
809,view,339,564,26-02-2024 10:42
810,view,672,506,26-02-2024 11:50
811,view,550,543,26-02-2024 13:52
812,view,604,564,26-02-2024 18:17
813,view,958,513,26-02-2024 21:36
814,view,960,543,26-02-2024 23:38
815,add_to_cart,960,543,26-02-2024 23:40
816,checkout,960,543,26-02-2024 23:44
817,payment,960,543,26-02-2024 23:49
818,order_placed,960,543,26-02-2024 23:51
819,view,728,524,27-02-2024 00:46
820,view,1035,569,27-02-2024 01:53
821,view,922,520,27-02-2024 02:49
822,add_to_cart,922,520,27-02-2024 02:50
823,checkout,922,520,27-02-2024 02:51
824,payment,922,520,27-02-2024 02:59
825,order_placed,922,520,27-02-2024 03:01
826,view,375,505,27-02-2024 04:18
827,view,875,511,27-02-2024 07:04
828,view,219,507,27-02-2024 11:38
829,view,267,586,27-02-2024 12:06
830,view,1065,512,27-02-2024 12:18
831,view,653,527,27-02-2024 12:40
832,view,617,595,27-02-2024 13:46
833,view,970,502,27-02-2024 15:04
834,add_to_cart,970,502,27-02-2024 15:06
835,view,1098,532,27-02-2024 15:24
836,view,498,538,27-02-2024 16:56
837,view,526,526,27-02-2024 16:58
838,view,1091,573,27-02-2024 17:34
839,add_to_cart,1091,573,27-02-2024 17:37
840,view,968,526,27-02-2024 18:45
841,view,584,597,27-02-2024 20:34
842,view,488,548,27-02-2024 22:45
843,view,138,588,27-02-2024 23:27
844,view,718,580,28-02-2024 00:13
845,view,979,595,28-02-2024 02:30
846,view,996,502,28-02-2024 05:07
847,view,766,587,28-02-2024 05:24
848,view,562,536,28-02-2024 09:27
849,view,248,501,28-02-2024 12:56
850,view,228,517,28-02-2024 13:50
851,view,475,544,28-02-2024 14:09
852,view,581,502,28-02-2024 16:49
853,view,966,517,28-02-2024 22:22
854,view,122,529,28-02-2024 23:05
855,view,492,549,28-02-2024 23:53
856,view,412,538,29-02-2024 02:26
857,view,131,581,29-02-2024 09:58
858,view,613,507,29-02-2024 10:29
859,view,369,515,29-02-2024 11:21
860,view,770,583,29-02-2024 13:17
861,view,539,599,29-02-2024 13:36
862,view,189,528,29-02-2024 16:30
863,view,349,573,29-02-2024 17:15
864,view,667,551,29-02-2024 18:54
865,view,691,560,29-02-2024 19:33
866,view,1099,510,29-02-2024 20:38
867,view,253,540,29-02-2024 22:19
868,view,126,540,29-02-2024 22:30
869,view,959,524,29-02-2024 22:41
870,view,238,575,01-03-2024 04:09
871,view,336,563,01-03-2024 06:10
872,view,993,509,01-03-2024 06:37
873,view,608,584,01-03-2024 14:13
874,add_to_cart,608,584,01-03-2024 14:16
875,view,209,574,01-03-2024 14:31
876,add_to_cart,209,574,01-03-2024 14:34
877,checkout,209,574,01-03-2024 14:35
878,payment,209,574,01-03-2024 14:39
879,order_placed,209,574,01-03-2024 14:40
880,view,891,509,01-03-2024 15:17
881,view,759,501,01-03-2024 15:45
882,view,794,564,01-03-2024 16:34
883,view,209,582,01-03-2024 16:41
884,view,674,582,01-03-2024 17:36
885,view,591,505,01-03-2024 18:54
886,view,115,598,01-03-2024 18:58
887,view,175,580,02-03-2024 03:29
888,view,257,528,02-03-2024 16:16
889,view,677,557,02-03-2024 16:35
890,view,436,558,02-03-2024 18:17
891,view,815,558,02-03-2024 18:48
892,view,792,544,03-03-2024 00:28
893,view,432,559,03-03-2024 01:47
894,view,698,535,03-03-2024 09:20
895,view,763,596,03-03-2024 11:30
896,view,295,544,03-03-2024 12:13
897,view,205,556,03-03-2024 12:33
898,view,825,556,03-03-2024 14:31
899,view,1056,553,03-03-2024 15:43
900,view,742,501,03-03-2024 16:11
901,view,369,519,03-03-2024 19:04
902,view,812,558,03-03-2024 19:35
903,view,308,576,03-03-2024 20:35
904,view,952,535,03-03-2024 20:42
905,view,172,519,03-03-2024 22:02
906,view,661,595,03-03-2024 23:01
907,view,708,535,04-03-2024 02:24
908,view,320,503,04-03-2024 04:12
909,add_to_cart,320,503,04-03-2024 04:12
910,view,498,520,04-03-2024 09:31
911,add_to_cart,498,520,04-03-2024 09:31
912,checkout,498,520,04-03-2024 09:36
913,view,1002,596,04-03-2024 10:04
914,view,678,567,04-03-2024 11:02
915,view,746,576,04-03-2024 12:30
916,view,805,598,04-03-2024 14:36
917,view,245,585,04-03-2024 16:14
918,view,993,559,04-03-2024 19:44
919,view,937,580,04-03-2024 22:59
920,view,829,583,05-03-2024 03:33
921,view,1002,536,05-03-2024 06:16
922,view,154,558,05-03-2024 07:45
923,view,1049,506,05-03-2024 08:57
924,view,653,593,05-03-2024 12:44
925,view,553,536,05-03-2024 13:59
926,view,845,577,05-03-2024 18:10
927,view,1011,574,06-03-2024 01:56
928,view,1065,535,06-03-2024 04:05
929,view,163,538,06-03-2024 04:52
930,view,448,600,06-03-2024 05:31
931,view,241,568,06-03-2024 06:06
932,add_to_cart,241,568,06-03-2024 06:09
933,checkout,241,568,06-03-2024 06:11
934,view,394,562,06-03-2024 08:09
935,view,829,505,06-03-2024 10:47
936,add_to_cart,829,505,06-03-2024 10:49
937,checkout,829,505,06-03-2024 10:52
938,payment,829,505,06-03-2024 10:56
939,order_placed,829,505,06-03-2024 10:57
940,view,900,587,06-03-2024 12:21
941,view,768,532,06-03-2024 13:57
942,view,576,531,06-03-2024 14:38
943,view,613,502,06-03-2024 16:50
944,view,924,561,06-03-2024 17:50
945,add_to_cart,924,561,06-03-2024 17:51
946,view,900,524,06-03-2024 21:03
947,view,808,574,07-03-2024 02:24
948,view,126,503,07-03-2024 03:52
949,view,314,538,07-03-2024 10:20
950,view,1092,534,07-03-2024 10:33
951,view,937,582,07-03-2024 11:01
952,view,868,591,07-03-2024 12:25
953,view,919,594,07-03-2024 13:28
954,view,360,510,07-03-2024 16:51
955,view,103,509,07-03-2024 17:08
956,view,978,501,07-03-2024 17:43
957,add_to_cart,978,501,07-03-2024 17:44
958,view,797,522,07-03-2024 18:16
959,add_to_cart,797,522,07-03-2024 18:18
960,checkout,797,522,07-03-2024 18:21
961,payment,797,522,07-03-2024 18:30
962,order_placed,797,522,07-03-2024 18:31
963,view,340,526,07-03-2024 21:27
964,view,102,541,07-03-2024 23:03
965,view,507,550,08-03-2024 05:41
966,view,1068,588,08-03-2024 10:05
967,view,605,573,08-03-2024 14:18
968,add_to_cart,605,573,08-03-2024 14:20
969,checkout,605,573,08-03-2024 14:24
970,view,757,597,08-03-2024 15:53
971,view,202,590,08-03-2024 17:06
972,add_to_cart,202,590,08-03-2024 17:08
973,view,940,555,08-03-2024 17:09
974,view,628,542,08-03-2024 17:21
975,view,174,558,09-03-2024 02:21
976,add_to_cart,174,558,09-03-2024 02:22
977,checkout,174,558,09-03-2024 02:25
978,payment,174,558,09-03-2024 02:27
979,order_placed,174,558,09-03-2024 02:29
980,view,440,568,09-03-2024 03:15
981,view,1037,534,09-03-2024 03:23
982,view,890,511,09-03-2024 08:50
983,view,1078,507,09-03-2024 10:59
984,add_to_cart,1078,507,09-03-2024 11:00
985,view,477,518,09-03-2024 11:56
986,view,405,522,09-03-2024 12:42
987,view,1066,559,09-03-2024 14:18
988,view,295,570,09-03-2024 15:25
989,view,761,511,09-03-2024 15:28
990,view,272,559,09-03-2024 21:17
991,view,221,502,09-03-2024 22:07
992,view,189,585,09-03-2024 22:46
993,view,197,588,10-03-2024 01:30
994,view,643,540,10-03-2024 01:58
995,add_to_cart,643,540,10-03-2024 02:00
996,checkout,643,540,10-03-2024 02:00
997,payment,643,540,10-03-2024 02:03
998,order_placed,643,540,10-03-2024 02:04
999,view,450,525,10-03-2024 06:36
1000,view,182,572,10-03-2024 07:20
1001,view,474,552,10-03-2024 09:42
1002,view,296,570,10-03-2024 15:23
1003,view,399,583,10-03-2024 15:47
1004,view,1005,530,10-03-2024 18:35
1005,view,828,521,10-03-2024 20:08
1006,view,652,545,11-03-2024 00:17
1007,view,549,567,11-03-2024 01:50
1008,view,792,537,11-03-2024 01:55
1009,view,973,553,11-03-2024 02:00
1010,add_to_cart,973,553,11-03-2024 02:01
1011,checkout,973,553,11-03-2024 02:04
1012,payment,973,553,11-03-2024 02:13
1013,order_placed,973,553,11-03-2024 02:14
1014,view,299,579,11-03-2024 02:49
1015,view,889,515,11-03-2024 02:57
1016,view,1029,530,11-03-2024 03:08
1017,view,751,573,11-03-2024 03:44
1018,view,1050,538,11-03-2024 06:16
1019,view,788,537,11-03-2024 07:10
1020,view,814,599,11-03-2024 07:30
1021,view,889,575,11-03-2024 09:34
1022,view,292,510,11-03-2024 09:54
1023,view,463,509,11-03-2024 09:59
1024,view,280,540,11-03-2024 11:16
1025,view,961,535,11-03-2024 13:56
1026,view,716,563,11-03-2024 14:47
1027,view,613,510,11-03-2024 15:28
1028,view,558,547,11-03-2024 16:26
1029,view,808,547,11-03-2024 17:49
1030,view,540,544,11-03-2024 20:02
1031,view,347,564,11-03-2024 21:10
1032,view,309,530,12-03-2024 00:03
1033,view,177,523,12-03-2024 02:19
1034,view,777,559,12-03-2024 06:30
1035,view,1051,579,12-03-2024 08:19
1036,view,789,554,12-03-2024 08:39
1037,view,265,538,12-03-2024 10:00
1038,add_to_cart,265,538,12-03-2024 10:00
1039,checkout,265,538,12-03-2024 10:03
1040,view,775,541,12-03-2024 14:09
1041,view,688,542,12-03-2024 15:47
1042,add_to_cart,688,542,12-03-2024 15:49
1043,checkout,688,542,12-03-2024 15:53
1044,payment,688,542,12-03-2024 15:57
1045,order_placed,688,542,12-03-2024 15:59
1046,view,863,581,12-03-2024 17:37
1047,view,684,600,12-03-2024 17:44
1048,view,1037,559,12-03-2024 23:57
1049,view,152,530,13-03-2024 00:50
1050,view,874,546,13-03-2024 01:17
1051,view,767,585,13-03-2024 02:35
1052,view,998,583,13-03-2024 03:30
1053,view,1049,538,13-03-2024 10:51
1054,view,989,501,13-03-2024 13:06
1055,view,210,533,13-03-2024 14:58
1056,view,587,577,13-03-2024 16:49
1057,view,557,538,13-03-2024 19:39
1058,view,1089,518,13-03-2024 20:05
1059,view,317,573,14-03-2024 03:05
1060,view,539,544,14-03-2024 03:53
1061,view,307,541,14-03-2024 04:52
1062,view,265,501,14-03-2024 05:40
1063,view,628,539,14-03-2024 06:58
1064,view,492,512,14-03-2024 07:44
1065,view,195,549,14-03-2024 08:28
1066,view,888,548,14-03-2024 11:36
1067,view,491,585,14-03-2024 12:31
1068,view,205,523,14-03-2024 14:18
1069,view,318,521,14-03-2024 16:10
1070,add_to_cart,318,521,14-03-2024 16:11
1071,view,975,522,14-03-2024 20:53
1072,view,987,527,14-03-2024 23:36
1073,view,582,549,14-03-2024 23:43
1074,view,316,534,15-03-2024 02:38
1075,view,695,540,15-03-2024 02:42
1076,view,1055,548,15-03-2024 02:54
1077,view,756,522,15-03-2024 04:58
1078,view,808,568,15-03-2024 06:55
1079,view,157,589,15-03-2024 11:43
1080,view,894,534,15-03-2024 16:36
1081,view,356,562,15-03-2024 16:50
1082,view,649,543,15-03-2024 18:12
1083,view,725,539,15-03-2024 18:47
1084,add_to_cart,725,539,15-03-2024 18:49
1085,checkout,725,539,15-03-2024 18:53
1086,payment,725,539,15-03-2024 18:54
1087,order_placed,725,539,15-03-2024 18:54
1088,view,301,569,15-03-2024 21:13
1089,view,316,568,15-03-2024 23:54
1090,view,525,542,16-03-2024 01:25
1091,view,321,507,16-03-2024 01:43
1092,view,555,510,16-03-2024 03:26
1093,view,834,571,16-03-2024 04:12
1094,view,856,501,16-03-2024 05:23
1095,view,204,541,16-03-2024 07:18
1096,add_to_cart,204,541,16-03-2024 07:19
1097,view,773,521,16-03-2024 09:32
1098,view,407,575,16-03-2024 09:32
1099,view,724,511,16-03-2024 11:35
1100,view,914,527,16-03-2024 12:04
1101,view,677,513,16-03-2024 12:36
1102,view,382,598,16-03-2024 16:21
1103,view,266,569,16-03-2024 21:01
1104,view,707,549,16-03-2024 22:26
1105,view,1085,515,17-03-2024 00:14
1106,view,913,554,17-03-2024 00:23
1107,view,194,557,17-03-2024 00:56
1108,view,470,519,17-03-2024 03:19
1109,view,355,592,17-03-2024 04:45
1110,view,1028,582,17-03-2024 05:38
1111,view,992,567,17-03-2024 09:26
1112,view,381,589,17-03-2024 19:19
1113,add_to_cart,830,512,17-03-2024 20:56
1114,view,830,512,17-03-2024 20:56
1115,checkout,830,512,17-03-2024 21:00
1116,view,262,567,17-03-2024 23:14
1117,view,455,569,18-03-2024 02:20
1118,view,173,566,18-03-2024 03:41
1119,add_to_cart,173,566,18-03-2024 03:42
1120,checkout,173,566,18-03-2024 03:44
1121,payment,173,566,18-03-2024 03:45
1122,order_placed,173,566,18-03-2024 03:47
1123,view,1022,516,18-03-2024 04:53
1124,view,487,576,18-03-2024 07:20
1125,view,256,508,18-03-2024 07:49
1126,view,163,559,18-03-2024 08:42
1127,view,914,574,18-03-2024 09:08
1128,view,758,567,18-03-2024 09:40
1129,view,494,541,18-03-2024 12:44
1130,view,403,521,18-03-2024 13:57
1131,add_to_cart,403,521,18-03-2024 13:59
1132,view,425,539,18-03-2024 15:01
1133,view,611,564,18-03-2024 17:12
1134,view,381,506,18-03-2024 18:48
1135,view,944,533,18-03-2024 19:31
1136,view,583,583,19-03-2024 09:12
1137,add_to_cart,583,583,19-03-2024 09:12
1138,checkout,583,583,19-03-2024 09:17
1139,payment,583,583,19-03-2024 09:18
1140,order_placed,583,583,19-03-2024 09:18
1141,view,961,523,19-03-2024 13:44
1142,view,490,593,19-03-2024 14:03
1143,view,399,535,19-03-2024 14:13
1144,view,273,527,19-03-2024 16:46
1145,view,672,550,19-03-2024 17:30
1146,view,493,578,19-03-2024 19:46
1147,view,220,599,19-03-2024 23:25
1148,view,855,511,20-03-2024 00:33
1149,add_to_cart,855,511,20-03-2024 00:34
1150,view,151,546,20-03-2024 02:55
1151,view,144,529,20-03-2024 04:42
1152,view,668,550,20-03-2024 08:34
1153,view,459,546,20-03-2024 09:12
1154,view,471,600,20-03-2024 09:12
1155,view,911,536,20-03-2024 10:39
1156,view,681,506,20-03-2024 13:28
1157,add_to_cart,681,506,20-03-2024 13:30
1158,view,332,535,20-03-2024 21:59
1159,view,1050,581,20-03-2024 23:41
1160,add_to_cart,1050,581,20-03-2024 23:41
1161,checkout,1050,581,20-03-2024 23:42
1162,payment,1050,581,20-03-2024 23:52
1163,order_placed,1050,581,20-03-2024 23:53
1164,view,1064,568,21-03-2024 00:29
1165,view,486,593,21-03-2024 00:39
1166,view,367,582,21-03-2024 04:14
1167,view,572,558,21-03-2024 04:29
1168,view,541,507,21-03-2024 05:12
1169,view,845,535,21-03-2024 07:32
1170,view,1022,590,21-03-2024 08:12
1171,view,124,574,21-03-2024 13:19
1172,add_to_cart,124,574,21-03-2024 13:20
1173,view,595,595,21-03-2024 14:40
1174,view,341,547,21-03-2024 19:42
1175,view,338,579,22-03-2024 00:26
1176,view,540,537,22-03-2024 08:20
1177,view,514,554,22-03-2024 12:10
1178,view,752,571,22-03-2024 17:08
1179,view,490,591,22-03-2024 17:09
1180,view,333,558,22-03-2024 17:26
1181,view,1078,585,22-03-2024 17:50
1182,view,993,580,22-03-2024 19:05
1183,view,698,513,22-03-2024 19:39
1184,view,459,553,22-03-2024 22:06
1185,view,754,595,23-03-2024 01:03
1186,view,350,537,23-03-2024 02:12
1187,view,974,561,23-03-2024 02:21
1188,view,683,502,23-03-2024 05:17
1189,view,977,534,23-03-2024 09:15
1190,view,1074,563,23-03-2024 10:38
1191,view,1011,535,23-03-2024 12:43
1192,view,319,519,23-03-2024 12:46
1193,view,1062,570,23-03-2024 13:08
1194,view,645,564,23-03-2024 13:46
1195,view,901,502,23-03-2024 15:36
1196,view,940,598,23-03-2024 19:54
1197,view,271,548,23-03-2024 19:58
1198,view,1046,503,23-03-2024 21:05
1199,add_to_cart,1046,503,23-03-2024 21:05
1200,checkout,1046,503,23-03-2024 21:10
1201,payment,1046,503,23-03-2024 21:13
1202,order_placed,1046,503,23-03-2024 21:13
1203,view,213,508,23-03-2024 23:55
1204,view,214,528,24-03-2024 03:13
1205,view,166,525,24-03-2024 03:41
1206,view,739,566,24-03-2024 06:30
1207,view,232,512,24-03-2024 09:22
1208,add_to_cart,232,512,24-03-2024 09:24
1209,view,530,528,24-03-2024 09:36
1210,view,759,518,24-03-2024 12:54
1211,view,461,584,24-03-2024 19:39
1212,view,386,538,24-03-2024 19:55
1213,view,277,543,24-03-2024 23:22
1214,view,595,577,24-03-2024 23:58
1215,view,274,531,25-03-2024 00:31
1216,view,827,505,25-03-2024 02:20
1217,add_to_cart,827,505,25-03-2024 02:21
1218,checkout,827,505,25-03-2024 02:23
1219,payment,827,505,25-03-2024 02:28
1220,order_placed,827,505,25-03-2024 02:28
1221,view,724,600,25-03-2024 03:38
1222,view,168,516,25-03-2024 04:32
1223,view,1077,502,25-03-2024 06:07
1224,view,917,526,25-03-2024 12:11
1225,view,479,558,25-03-2024 16:54
1226,view,371,546,25-03-2024 16:54
1227,view,324,507,25-03-2024 20:06
1228,view,645,566,25-03-2024 21:58
1229,view,203,523,25-03-2024 23:10
1230,view,248,542,26-03-2024 03:42
1231,view,402,555,26-03-2024 05:33
1232,view,1097,546,26-03-2024 06:20
1233,view,912,589,26-03-2024 06:21
1234,view,552,580,26-03-2024 09:50
1235,view,1082,573,26-03-2024 10:20
1236,view,847,535,26-03-2024 14:19
1237,view,147,543,26-03-2024 19:41
1238,view,1026,575,26-03-2024 20:03
1239,view,527,536,26-03-2024 22:30
1240,view,249,508,27-03-2024 00:54
1241,view,670,572,27-03-2024 03:14
1242,view,282,541,27-03-2024 08:54
1243,view,645,519,27-03-2024 09:05
1244,view,902,508,27-03-2024 12:04
1245,view,126,522,27-03-2024 12:30
1246,view,582,511,27-03-2024 13:17
1247,view,855,593,27-03-2024 16:22
1248,view,677,553,27-03-2024 17:47
1249,view,560,513,27-03-2024 19:23
1250,view,260,579,27-03-2024 19:45
1251,view,858,506,27-03-2024 20:59
1252,view,409,599,28-03-2024 01:38
1253,view,940,527,28-03-2024 04:01
1254,view,369,523,28-03-2024 05:10
1255,view,791,568,28-03-2024 05:14
1256,view,530,580,28-03-2024 08:44
1257,view,180,537,28-03-2024 10:21
1258,add_to_cart,180,537,28-03-2024 10:22
1259,view,931,545,28-03-2024 10:22
1260,checkout,180,537,28-03-2024 10:26
1261,payment,180,537,28-03-2024 10:34
1262,order_placed,180,537,28-03-2024 10:35
1263,view,466,556,28-03-2024 10:40
1264,view,868,545,28-03-2024 10:42
1265,view,967,584,28-03-2024 11:18
1266,view,344,526,28-03-2024 14:32
1267,view,834,543,28-03-2024 15:47
1268,view,231,543,28-03-2024 15:49
1269,view,333,536,28-03-2024 19:13
1270,view,451,511,28-03-2024 20:35
1271,view,786,532,28-03-2024 20:35
1272,add_to_cart,451,511,28-03-2024 20:37
1273,view,813,512,28-03-2024 21:01
1274,view,804,555,28-03-2024 22:17
1275,view,518,517,28-03-2024 23:18
1276,view,914,509,28-03-2024 23:23
1277,view,481,594,28-03-2024 23:25
1278,view,792,517,29-03-2024 01:21
1279,view,434,528,29-03-2024 06:45
1280,view,766,511,29-03-2024 09:07
1281,view,370,567,29-03-2024 12:43
1282,view,150,525,29-03-2024 22:53
1283,view,984,508,30-03-2024 02:14
1284,view,1032,559,30-03-2024 08:00
1285,view,881,589,30-03-2024 14:21
1286,add_to_cart,881,589,30-03-2024 14:22
1287,checkout,881,589,30-03-2024 14:26
1288,view,102,501,30-03-2024 14:49
1289,view,768,560,30-03-2024 22:47
1290,view,1052,590,31-03-2024 03:03
1291,view,127,552,31-03-2024 04:23
1292,view,512,514,31-03-2024 05:33
1293,add_to_cart,512,514,31-03-2024 05:34
1294,view,315,592,31-03-2024 05:48
1295,add_to_cart,525,563,31-03-2024 07:31
1296,view,525,563,31-03-2024 07:31
1297,checkout,525,563,31-03-2024 07:34
1298,payment,525,563,31-03-2024 07:39
1299,order_placed,525,563,31-03-2024 07:40
1300,view,981,502,31-03-2024 09:22
1301,add_to_cart,981,502,31-03-2024 09:23
1302,view,464,575,31-03-2024 10:06
1303,view,946,592,31-03-2024 14:26
1304,view,792,507,31-03-2024 15:30
1305,add_to_cart,792,507,31-03-2024 15:31
1306,checkout,792,507,31-03-2024 15:32
1307,view,116,513,31-03-2024 18:05
1308,view,144,555,31-03-2024 21:08
1309,view,452,547,31-03-2024 22:55
1310,view,727,575,01-04-2024 01:31
1311,add_to_cart,727,575,01-04-2024 01:34
1312,view,450,532,01-04-2024 08:53
1313,add_to_cart,450,532,01-04-2024 08:53
1314,checkout,450,532,01-04-2024 08:57
1315,payment,450,532,01-04-2024 08:59
1316,order_placed,450,532,01-04-2024 09:00
1317,view,806,515,01-04-2024 12:21
1318,view,365,537,01-04-2024 14:09
1319,view,663,520,02-04-2024 00:34
1320,add_to_cart,663,520,02-04-2024 00:36
1321,checkout,663,520,02-04-2024 00:38
1322,payment,663,520,02-04-2024 00:42
1323,order_placed,663,520,02-04-2024 00:42
1324,view,108,503,02-04-2024 01:23
1325,view,230,531,02-04-2024 01:36
1326,view,521,576,02-04-2024 02:23
1327,view,181,559,02-04-2024 04:40
1328,view,634,577,02-04-2024 07:56
1329,view,344,595,02-04-2024 18:20
1330,view,269,536,02-04-2024 18:40
1331,view,103,522,03-04-2024 02:40
1332,view,943,502,03-04-2024 06:34
1333,view,799,536,03-04-2024 07:12
1334,view,559,527,03-04-2024 07:56
1335,view,417,503,03-04-2024 08:22
1336,view,836,554,03-04-2024 11:18
1337,view,717,549,03-04-2024 14:05
1338,view,536,532,03-04-2024 18:56
1339,view,157,521,03-04-2024 19:16
1340,view,257,543,03-04-2024 19:21
1341,view,723,535,04-04-2024 01:27
1342,view,228,553,04-04-2024 03:57
1343,view,1061,552,04-04-2024 04:01
1344,view,604,563,04-04-2024 07:55
1345,view,684,594,04-04-2024 08:54
1346,add_to_cart,684,594,04-04-2024 08:55
1347,view,327,561,04-04-2024 10:14
1348,view,949,553,04-04-2024 11:58
1349,view,325,530,04-04-2024 15:45
1350,view,130,539,04-04-2024 18:14
1351,view,351,590,04-04-2024 21:10
1352,add_to_cart,351,590,04-04-2024 21:11
1353,checkout,351,590,04-04-2024 21:16
1354,payment,351,590,04-04-2024 21:19
1355,order_placed,351,590,04-04-2024 21:19
1356,view,988,589,04-04-2024 22:27
1357,view,116,549,05-04-2024 02:21
1358,view,218,514,05-04-2024 07:51
1359,view,565,554,05-04-2024 09:34
1360,view,646,546,05-04-2024 09:59
1361,view,294,587,05-04-2024 11:04
1362,view,876,509,05-04-2024 11:55
1363,view,1009,515,05-04-2024 11:56
1364,view,397,526,05-04-2024 12:31
1365,view,1092,566,05-04-2024 18:01
1366,view,1073,566,06-04-2024 03:54
1367,view,269,570,06-04-2024 07:30
1368,view,558,534,06-04-2024 08:50
1369,view,713,575,06-04-2024 11:10
1370,view,864,570,06-04-2024 16:40
1371,view,708,501,06-04-2024 16:43
1372,view,114,583,06-04-2024 18:32
1373,view,388,589,06-04-2024 19:37
1374,view,483,534,06-04-2024 22:55
1375,view,761,551,06-04-2024 23:53
1376,view,438,517,07-04-2024 03:11
1377,view,767,580,07-04-2024 05:58
1378,view,819,548,07-04-2024 06:47
1379,view,865,556,07-04-2024 07:12
1380,view,315,578,07-04-2024 08:56
1381,view,771,583,07-04-2024 09:02
1382,view,580,579,07-04-2024 09:25
1383,view,776,514,07-04-2024 14:34
1384,add_to_cart,776,514,07-04-2024 14:37
1385,checkout,776,514,07-04-2024 14:40
1386,payment,776,514,07-04-2024 14:45
1387,order_placed,776,514,07-04-2024 14:46
1388,view,731,516,08-04-2024 03:28
1389,view,740,583,08-04-2024 05:15
1390,view,1041,528,08-04-2024 07:42
1391,view,476,590,08-04-2024 12:43
1392,view,479,507,08-04-2024 15:15
1393,view,187,593,08-04-2024 23:07
1394,view,846,572,09-04-2024 02:07
1395,view,836,555,09-04-2024 06:28
1396,view,842,520,09-04-2024 15:58
1397,view,535,535,09-04-2024 16:20
1398,view,169,534,09-04-2024 23:10
1399,view,874,573,10-04-2024 04:37
1400,view,1054,517,10-04-2024 07:16
1401,view,874,541,10-04-2024 07:53
1402,view,250,501,10-04-2024 10:12
1403,view,499,594,10-04-2024 11:14
1404,view,376,522,10-04-2024 14:26
1405,view,957,527,10-04-2024 17:10
1406,view,101,582,10-04-2024 18:30
1407,view,806,598,10-04-2024 20:37
1408,view,383,573,10-04-2024 20:55
1409,view,343,579,10-04-2024 22:21
1410,view,1009,540,10-04-2024 23:21
1411,view,939,591,11-04-2024 00:13
1412,view,1028,561,11-04-2024 03:34
1413,add_to_cart,1028,561,11-04-2024 03:35
1414,checkout,1028,561,11-04-2024 03:36
1415,payment,1028,561,11-04-2024 03:45
1416,order_placed,1028,561,11-04-2024 03:46
1417,view,174,598,11-04-2024 07:31
1418,view,421,536,11-04-2024 09:50
1419,view,704,502,11-04-2024 11:39
1420,view,529,594,11-04-2024 16:04
1421,view,540,518,11-04-2024 17:32
1422,view,1040,556,11-04-2024 22:09
1423,view,925,511,11-04-2024 23:58
1424,view,953,547,12-04-2024 07:29
1425,view,837,598,12-04-2024 07:43
1426,view,1047,593,12-04-2024 11:21
1427,view,456,566,12-04-2024 11:32
1428,view,215,518,12-04-2024 14:17
1429,view,851,567,12-04-2024 19:00
1430,view,739,581,12-04-2024 19:56
1431,view,654,540,12-04-2024 23:18
1432,view,199,571,13-04-2024 01:39
1433,view,556,567,13-04-2024 05:57
1434,add_to_cart,556,567,13-04-2024 05:58
1435,checkout,556,567,13-04-2024 05:59
1436,view,847,533,13-04-2024 07:42
1437,view,110,565,13-04-2024 11:25
1438,view,123,580,13-04-2024 11:46
1439,view,1087,592,13-04-2024 19:04
1440,view,189,527,13-04-2024 21:21
1441,view,333,570,14-04-2024 01:57
1442,view,948,517,14-04-2024 02:04
1443,view,436,513,14-04-2024 02:52
1444,view,669,523,14-04-2024 04:07
1445,view,753,560,14-04-2024 04:17
1446,view,222,537,14-04-2024 04:44
1447,view,218,527,14-04-2024 10:50
1448,view,749,593,14-04-2024 11:04
1449,view,958,536,14-04-2024 12:44
1450,view,1085,535,14-04-2024 15:20
1451,view,158,559,14-04-2024 15:36
1452,add_to_cart,158,559,14-04-2024 15:36
1453,checkout,158,559,14-04-2024 15:39
1454,payment,158,559,14-04-2024 15:48
1455,order_placed,158,559,14-04-2024 15:48
1456,view,660,571,14-04-2024 18:03
1457,view,802,592,14-04-2024 18:49
1458,view,524,563,14-04-2024 19:33
1459,view,831,565,14-04-2024 20:59
1460,view,923,530,14-04-2024 21:45
1461,view,833,561,15-04-2024 01:10
1462,view,230,569,15-04-2024 01:49
1463,view,103,551,15-04-2024 02:22
1464,view,428,513,15-04-2024 03:44
1465,view,1016,555,15-04-2024 06:38
1466,view,392,544,15-04-2024 12:24
1467,view,666,525,15-04-2024 12:46
1468,view,489,557,15-04-2024 14:48
1469,view,419,583,15-04-2024 16:30
1470,view,475,546,15-04-2024 18:11
1471,view,998,558,15-04-2024 19:37
1472,view,499,567,15-04-2024 19:56
1473,view,905,573,16-04-2024 01:05
1474,view,644,520,16-04-2024 02:44
1475,add_to_cart,644,520,16-04-2024 02:44
1476,checkout,644,520,16-04-2024 02:48
1477,payment,644,520,16-04-2024 02:52
1478,order_placed,644,520,16-04-2024 02:54
1479,view,285,599,16-04-2024 03:19
1480,add_to_cart,285,599,16-04-2024 03:20
1481,checkout,285,599,16-04-2024 03:25
1482,payment,285,599,16-04-2024 03:34
1483,order_placed,285,599,16-04-2024 03:35
1484,view,999,534,16-04-2024 08:54
1485,view,479,546,16-04-2024 10:45
1486,view,895,506,16-04-2024 11:28
1487,view,1089,504,16-04-2024 12:34
1488,view,252,578,16-04-2024 12:45
1489,view,848,561,16-04-2024 13:18
1490,view,980,567,16-04-2024 13:58
1491,view,638,554,16-04-2024 14:34
1492,view,654,583,16-04-2024 14:58
1493,view,290,522,16-04-2024 15:39
1494,view,496,575,16-04-2024 17:15
1495,view,309,588,16-04-2024 19:44
1496,view,1083,559,16-04-2024 22:08
1497,view,704,566,17-04-2024 00:51
1498,view,796,568,17-04-2024 03:11
1499,view,255,595,17-04-2024 04:43
1500,view,586,579,17-04-2024 08:51
1501,view,1016,532,17-04-2024 10:00
1502,view,139,540,17-04-2024 14:05
1503,view,380,573,17-04-2024 14:29
1504,add_to_cart,380,573,17-04-2024 14:29
1505,checkout,380,573,17-04-2024 14:29
1506,payment,380,573,17-04-2024 14:35
1507,order_placed,380,573,17-04-2024 14:36
1508,view,647,591,17-04-2024 22:31
1509,add_to_cart,647,591,17-04-2024 22:32
1510,checkout,647,591,17-04-2024 22:33
1511,payment,647,591,17-04-2024 22:38
1512,order_placed,647,591,17-04-2024 22:38
1513,view,411,590,17-04-2024 23:30
1514,view,994,528,18-04-2024 02:52
1515,view,433,517,18-04-2024 05:35
1516,view,615,541,18-04-2024 08:38
1517,view,213,553,18-04-2024 09:35
1518,view,599,545,18-04-2024 16:03
1519,view,112,569,18-04-2024 18:49
1520,view,772,581,18-04-2024 20:53
1521,view,916,577,18-04-2024 21:45
1522,view,803,528,18-04-2024 22:09
1523,add_to_cart,803,528,18-04-2024 22:11
1524,view,668,527,19-04-2024 00:52
1525,view,964,541,19-04-2024 01:16
1526,view,713,540,19-04-2024 03:07
1527,view,196,545,19-04-2024 04:05
1528,add_to_cart,196,545,19-04-2024 04:06
1529,view,674,587,19-04-2024 04:58
1530,view,679,546,19-04-2024 09:52
1531,view,922,593,19-04-2024 10:24
1532,view,111,599,19-04-2024 16:41
1533,view,830,519,19-04-2024 18:23
1534,view,1034,583,19-04-2024 18:50
1535,view,549,544,19-04-2024 20:21
1536,view,158,542,19-04-2024 20:30
1537,view,716,595,19-04-2024 21:49
1538,view,984,540,19-04-2024 22:10
1539,view,799,505,19-04-2024 22:44
1540,view,1012,545,20-04-2024 00:44
1541,view,467,550,20-04-2024 04:07
1542,view,350,503,20-04-2024 06:03
1543,view,461,550,20-04-2024 07:24
1544,view,256,590,20-04-2024 09:23
1545,view,849,597,20-04-2024 09:28
1546,view,621,572,20-04-2024 16:28
1547,view,244,539,20-04-2024 17:09
1548,add_to_cart,244,539,20-04-2024 17:09
1549,checkout,244,539,20-04-2024 17:13
1550,payment,244,539,20-04-2024 17:14
1551,order_placed,244,539,20-04-2024 17:15
1552,view,211,522,20-04-2024 21:27
1553,view,135,532,20-04-2024 22:39
1554,view,462,512,20-04-2024 22:44
1555,view,515,561,20-04-2024 23:02
1556,view,845,577,21-04-2024 01:20
1557,view,663,543,21-04-2024 01:41
1558,view,911,538,21-04-2024 06:19
1559,view,705,528,21-04-2024 06:55
1560,add_to_cart,705,528,21-04-2024 06:56
1561,view,222,587,21-04-2024 07:46
1562,add_to_cart,222,587,21-04-2024 07:49
1563,checkout,222,587,21-04-2024 07:51
1564,payment,222,587,21-04-2024 07:52
1565,order_placed,222,587,21-04-2024 07:53
1566,view,667,522,21-04-2024 13:32
1567,view,688,569,21-04-2024 14:52
1568,view,630,544,21-04-2024 15:19
1569,view,241,528,21-04-2024 15:21
1570,add_to_cart,630,544,21-04-2024 15:21
1571,checkout,630,544,21-04-2024 15:24
1572,payment,630,544,21-04-2024 15:29
1573,order_placed,630,544,21-04-2024 15:30
1574,view,743,509,21-04-2024 15:36
1575,view,563,564,21-04-2024 17:05
1576,view,568,557,21-04-2024 19:44
1577,view,317,567,21-04-2024 22:59
1578,view,686,519,22-04-2024 04:53
1579,view,1028,545,22-04-2024 16:01
1580,view,194,545,22-04-2024 17:47
1581,view,954,507,22-04-2024 19:39
1582,view,229,537,22-04-2024 20:06
1583,view,654,546,22-04-2024 20:37
1584,add_to_cart,654,546,22-04-2024 20:39
1585,checkout,654,546,22-04-2024 20:43
1586,payment,654,546,22-04-2024 20:48
1587,order_placed,654,546,22-04-2024 20:50
1588,view,185,585,22-04-2024 21:35
1589,view,377,579,22-04-2024 22:06
1590,view,867,589,23-04-2024 01:32
1591,add_to_cart,867,589,23-04-2024 01:33
1592,checkout,867,589,23-04-2024 01:34
1593,view,419,554,23-04-2024 03:09
1594,view,951,598,23-04-2024 04:50
1595,view,970,578,23-04-2024 06:05
1596,view,590,518,23-04-2024 07:04
1597,view,236,509,23-04-2024 10:55
1598,view,603,586,23-04-2024 12:37
1599,view,967,564,23-04-2024 14:10
1600,view,789,592,23-04-2024 15:29
1601,view,612,546,24-04-2024 02:32
1602,view,374,589,24-04-2024 04:39
1603,view,698,515,24-04-2024 05:22
1604,view,137,515,24-04-2024 06:02
1605,view,902,592,24-04-2024 09:00
1606,view,153,522,24-04-2024 12:00
1607,view,112,506,24-04-2024 13:16
1608,view,1064,515,24-04-2024 16:46
1609,view,834,548,24-04-2024 18:37
1610,view,737,517,24-04-2024 19:24
1611,add_to_cart,737,517,24-04-2024 19:25
1612,view,324,556,25-04-2024 01:16
1613,view,1022,520,25-04-2024 02:21
1614,view,870,590,25-04-2024 05:07
1615,view,453,563,25-04-2024 08:18
1616,view,483,549,25-04-2024 11:48
1617,view,1081,572,25-04-2024 12:35
1618,view,442,567,25-04-2024 13:21
1619,view,475,562,25-04-2024 13:31
1620,view,149,528,25-04-2024 20:16
1621,view,867,593,26-04-2024 02:42
1622,view,494,591,26-04-2024 02:49
1623,view,812,562,26-04-2024 02:53
1624,add_to_cart,812,562,26-04-2024 02:53
1625,checkout,812,562,26-04-2024 02:55
1626,view,817,542,26-04-2024 02:56
1627,payment,812,562,26-04-2024 03:04
1628,order_placed,812,562,26-04-2024 03:06
1629,view,697,542,26-04-2024 04:39
1630,view,601,519,26-04-2024 04:56
1631,view,322,561,26-04-2024 06:35
1632,view,471,545,26-04-2024 07:30
1633,view,296,543,26-04-2024 08:05
1634,view,405,502,26-04-2024 09:49
1635,view,478,584,26-04-2024 10:32
1636,view,528,591,26-04-2024 11:32
1637,view,566,568,26-04-2024 13:36
1638,view,215,505,26-04-2024 15:29
1639,view,901,542,26-04-2024 15:44
1640,view,542,569,26-04-2024 19:47
1641,view,886,538,26-04-2024 20:02
1642,add_to_cart,886,538,26-04-2024 20:03
1643,checkout,886,538,26-04-2024 20:05
1644,payment,886,538,26-04-2024 20:10
1645,order_placed,886,538,26-04-2024 20:11
1646,view,642,593,26-04-2024 23:47
1647,view,863,508,27-04-2024 02:28
1648,view,640,560,27-04-2024 03:30
1649,view,977,529,27-04-2024 04:12
1650,view,760,546,27-04-2024 04:36
1651,view,301,538,27-04-2024 04:58
1652,view,506,579,27-04-2024 06:46
1653,view,439,504,27-04-2024 07:57
1654,view,313,579,27-04-2024 08:46
1655,view,1017,501,27-04-2024 12:19
1656,view,736,549,27-04-2024 18:42
1657,view,175,514,27-04-2024 19:16
1658,view,277,540,28-04-2024 00:35
1659,view,414,553,28-04-2024 01:59
1660,view,424,596,28-04-2024 08:09
1661,view,875,528,28-04-2024 08:10
1662,view,541,528,28-04-2024 10:11
1663,view,605,596,28-04-2024 10:48
1664,view,165,596,28-04-2024 13:30
1665,add_to_cart,165,596,28-04-2024 13:32
1666,checkout,165,596,28-04-2024 13:37
1667,payment,165,596,28-04-2024 13:41
1668,order_placed,165,596,28-04-2024 13:42
1669,view,141,526,28-04-2024 15:07
1670,view,778,573,28-04-2024 15:07
1671,view,351,584,28-04-2024 18:33
1672,view,758,570,28-04-2024 22:58
1673,view,880,514,29-04-2024 02:26
1674,view,526,566,29-04-2024 06:16
1675,view,764,586,29-04-2024 07:14
1676,view,261,589,29-04-2024 08:13
1677,add_to_cart,261,589,29-04-2024 08:15
1678,view,1087,598,29-04-2024 11:07
1679,view,595,553,29-04-2024 15:02
1680,view,1033,502,29-04-2024 15:08
1681,view,768,588,29-04-2024 21:32
1682,view,1006,568,29-04-2024 21:42
1683,view,975,531,30-04-2024 02:24
1684,view,914,524,30-04-2024 05:04
1685,view,804,571,30-04-2024 07:12
1686,view,559,576,30-04-2024 08:36
1687,view,639,594,30-04-2024 11:08
1688,view,1074,529,30-04-2024 16:54
1689,view,1072,525,30-04-2024 21:55
1690,add_to_cart,1072,525,30-04-2024 21:57
1691,checkout,1072,525,30-04-2024 21:59
1692,payment,1072,525,30-04-2024 22:04
1693,order_placed,1072,525,30-04-2024 22:05
1694,view,369,530,30-04-2024 22:51
1695,view,669,599,01-05-2024 06:11
1696,view,770,504,01-05-2024 13:38
1697,view,809,566,01-05-2024 14:09
1698,view,323,530,01-05-2024 16:55
1699,view,1001,587,01-05-2024 18:46
1700,view,486,593,01-05-2024 21:08
1701,view,946,556,01-05-2024 22:50
1702,view,791,543,01-05-2024 23:12
1703,view,963,557,02-05-2024 00:49
1704,view,908,530,02-05-2024 01:23
1705,view,458,594,02-05-2024 02:04
1706,view,509,504,02-05-2024 03:30
1707,add_to_cart,509,504,02-05-2024 03:33
1708,checkout,509,504,02-05-2024 03:35
1709,payment,509,504,02-05-2024 03:39
1710,order_placed,509,504,02-05-2024 03:39
1711,view,409,532,02-05-2024 07:18
1712,view,346,537,02-05-2024 07:27
1713,view,427,566,02-05-2024 08:54
1714,view,857,580,02-05-2024 09:05
1715,view,818,525,02-05-2024 10:06
1716,view,912,534,02-05-2024 16:05
1717,view,1001,554,02-05-2024 17:54
1718,view,863,562,02-05-2024 22:38
1719,view,255,592,03-05-2024 02:41
1720,view,269,529,03-05-2024 03:08
1721,view,928,591,03-05-2024 04:08
1722,view,131,545,03-05-2024 04:08
1723,view,705,548,03-05-2024 10:25
1724,view,1096,567,03-05-2024 11:17
1725,view,874,552,03-05-2024 11:18
1726,view,121,566,03-05-2024 13:02
1727,view,187,536,03-05-2024 13:41
1728,view,183,537,03-05-2024 14:14
1729,view,669,524,03-05-2024 15:57
1730,view,847,526,03-05-2024 17:56
1731,view,616,534,03-05-2024 19:08
1732,view,815,545,03-05-2024 20:49
1733,view,439,571,03-05-2024 21:07
1734,view,432,555,03-05-2024 23:27
1735,view,1050,579,04-05-2024 00:57
1736,view,111,588,04-05-2024 06:14
1737,view,387,507,04-05-2024 09:17
1738,view,1020,543,04-05-2024 11:07
1739,view,509,590,04-05-2024 13:44
1740,view,719,523,04-05-2024 13:54
1741,view,507,532,04-05-2024 14:21
1742,view,178,583,04-05-2024 15:00
1743,view,972,536,04-05-2024 19:30
1744,view,601,577,05-05-2024 03:10
1745,view,1087,556,05-05-2024 03:53
1746,view,1029,539,05-05-2024 08:58
1747,view,758,506,05-05-2024 11:01
1748,view,967,571,05-05-2024 13:36
1749,view,533,590,05-05-2024 14:55
1750,view,165,589,05-05-2024 17:04
1751,view,1005,534,05-05-2024 20:28
1752,view,933,504,05-05-2024 23:24
1753,view,695,593,06-05-2024 02:33
1754,view,507,544,06-05-2024 04:21
1755,view,205,551,06-05-2024 07:08
1756,view,1067,583,06-05-2024 07:49
1757,view,348,554,06-05-2024 08:00
1758,view,198,501,06-05-2024 10:10
1759,view,683,551,06-05-2024 12:04
1760,view,713,600,06-05-2024 13:21
1761,view,593,580,06-05-2024 13:55
1762,add_to_cart,593,580,06-05-2024 13:56
1763,checkout,593,580,06-05-2024 13:57
1764,payment,593,580,06-05-2024 14:05
1765,order_placed,593,580,06-05-2024 14:05
1766,view,428,591,06-05-2024 16:06
1767,view,155,533,06-05-2024 19:20
1768,view,534,543,06-05-2024 22:53
1769,view,381,563,07-05-2024 01:12
1770,view,429,541,07-05-2024 04:41
1771,view,627,504,07-05-2024 10:53
1772,view,586,557,07-05-2024 13:45
1773,view,1044,596,07-05-2024 20:19
1774,view,986,589,07-05-2024 21:53
1775,view,740,537,07-05-2024 23:17
1776,view,431,598,08-05-2024 03:50
1777,view,960,572,08-05-2024 12:08
1778,view,263,600,08-05-2024 12:12
1779,add_to_cart,836,501,08-05-2024 20:11
1780,view,836,501,08-05-2024 20:11
1781,checkout,836,501,08-05-2024 20:13
1782,payment,836,501,08-05-2024 20:18
1783,order_placed,836,501,08-05-2024 20:20
1784,view,199,574,08-05-2024 21:07
1785,view,307,538,08-05-2024 21:08
1786,view,565,600,08-05-2024 22:06
1787,view,1050,598,08-05-2024 23:57
1788,view,409,515,09-05-2024 02:11
1789,view,857,538,09-05-2024 11:55
1790,view,1000,540,09-05-2024 15:07
1791,view,1006,553,09-05-2024 18:07
1792,view,682,587,09-05-2024 18:36
1793,view,366,573,09-05-2024 20:32
1794,view,409,541,10-05-2024 01:44
1795,view,178,557,10-05-2024 01:56
1796,add_to_cart,178,557,10-05-2024 01:56
1797,checkout,178,557,10-05-2024 01:59
1798,view,758,554,10-05-2024 06:58
1799,view,501,523,10-05-2024 07:46
1800,view,306,503,10-05-2024 09:15
1801,view,719,587,10-05-2024 09:27
1802,view,451,517,10-05-2024 12:49
1803,view,796,524,10-05-2024 14:35
1804,add_to_cart,796,524,10-05-2024 14:36
1805,checkout,796,524,10-05-2024 14:41
1806,view,647,522,10-05-2024 16:07
1807,view,461,578,10-05-2024 16:36
1808,view,513,519,10-05-2024 19:24
1809,view,257,544,10-05-2024 20:23
1810,view,679,535,10-05-2024 22:52
1811,view,649,537,11-05-2024 03:20
1812,add_to_cart,754,512,11-05-2024 04:10
1813,view,754,512,11-05-2024 04:10
1814,checkout,754,512,11-05-2024 04:11
1815,view,1044,555,11-05-2024 06:12
1816,view,332,566,11-05-2024 06:42
1817,view,643,564,11-05-2024 06:53
1818,view,397,581,11-05-2024 09:55
1819,add_to_cart,397,581,11-05-2024 09:56
1820,checkout,397,581,11-05-2024 09:58
1821,payment,397,581,11-05-2024 10:04
1822,order_placed,397,581,11-05-2024 10:06
1823,view,851,570,11-05-2024 12:00
1824,view,594,516,11-05-2024 16:01
1825,view,442,548,11-05-2024 16:54
1826,view,967,520,11-05-2024 18:16
1827,view,331,561,11-05-2024 21:54
1828,view,291,559,12-05-2024 05:20
1829,view,1011,580,12-05-2024 09:14
1830,view,918,543,12-05-2024 20:13
1831,view,207,517,13-05-2024 01:36
1832,view,758,532,13-05-2024 01:50
1833,view,662,505,13-05-2024 02:59
1834,view,957,529,13-05-2024 05:37
1835,view,815,563,13-05-2024 07:36
1836,add_to_cart,815,563,13-05-2024 07:37
1837,checkout,815,563,13-05-2024 07:41
1838,payment,815,563,13-05-2024 07:49
1839,view,1039,549,13-05-2024 08:24
1840,add_to_cart,1039,549,13-05-2024 08:26
1841,view,721,585,13-05-2024 09:13
1842,view,698,595,13-05-2024 09:40
1843,view,744,508,13-05-2024 10:02
1844,view,967,582,13-05-2024 11:42
1845,view,938,557,13-05-2024 13:05
1846,view,181,577,13-05-2024 21:26
1847,view,104,568,13-05-2024 23:34
1848,add_to_cart,104,568,13-05-2024 23:36
1849,checkout,104,568,13-05-2024 23:39
1850,payment,104,568,13-05-2024 23:40
1851,order_placed,104,568,13-05-2024 23:41
1852,view,816,581,13-05-2024 23:59
1853,add_to_cart,816,581,13-05-2024 23:59
1854,view,208,520,14-05-2024 05:56
1855,view,573,591,14-05-2024 06:11
1856,view,203,553,14-05-2024 07:14
1857,view,827,517,14-05-2024 13:19
1858,view,469,559,14-05-2024 21:32
1859,view,289,501,14-05-2024 22:15
1860,view,430,522,15-05-2024 01:51
1861,view,580,538,15-05-2024 03:26
1862,view,325,510,15-05-2024 04:34
1863,view,947,519,15-05-2024 08:14
1864,add_to_cart,947,519,15-05-2024 08:15
1865,checkout,947,519,15-05-2024 08:16
1866,payment,947,519,15-05-2024 08:26
1867,order_placed,947,519,15-05-2024 08:27
1868,view,750,578,15-05-2024 10:23
1869,view,856,526,15-05-2024 12:27
1870,view,722,551,15-05-2024 12:42
1871,view,828,579,15-05-2024 13:11
1872,view,433,529,15-05-2024 14:45
1873,view,328,570,15-05-2024 17:59
1874,view,613,581,15-05-2024 18:20
1875,view,212,502,15-05-2024 21:29
1876,view,210,558,15-05-2024 22:09
1877,view,906,522,16-05-2024 01:38
1878,view,714,559,16-05-2024 09:04
1879,view,816,591,16-05-2024 09:57
1880,view,340,597,16-05-2024 13:47
1881,view,517,600,16-05-2024 17:28
1882,view,1003,591,16-05-2024 18:31
1883,add_to_cart,1003,591,16-05-2024 18:33
1884,view,784,530,16-05-2024 20:21
1885,view,307,557,16-05-2024 21:32
1886,view,784,552,16-05-2024 23:58
1887,view,545,512,17-05-2024 00:50
1888,view,938,530,17-05-2024 01:14
1889,view,474,557,17-05-2024 04:33
1890,view,643,549,17-05-2024 07:24
1891,view,968,554,17-05-2024 10:54
1892,view,624,567,17-05-2024 11:05
1893,view,839,557,17-05-2024 11:37
1894,view,196,504,17-05-2024 13:45
1895,view,946,528,17-05-2024 15:04
1896,view,676,535,17-05-2024 16:31
1897,view,819,543,17-05-2024 17:31
1898,view,824,572,17-05-2024 20:20
1899,view,488,544,17-05-2024 22:28
1900,view,349,540,17-05-2024 23:58
1901,view,670,550,18-05-2024 07:20
1902,view,146,516,18-05-2024 08:16
1903,view,774,578,18-05-2024 09:46
1904,view,389,518,18-05-2024 10:38
1905,view,124,573,18-05-2024 12:25
1906,view,551,530,18-05-2024 12:25
1907,view,1057,597,18-05-2024 18:12
1908,view,108,559,19-05-2024 00:21
1909,view,878,546,19-05-2024 04:25
1910,view,656,544,19-05-2024 07:55
1911,view,133,581,19-05-2024 16:32
1912,add_to_cart,133,581,19-05-2024 16:34
1913,checkout,133,581,19-05-2024 16:38
1914,view,1041,590,19-05-2024 16:43
1915,payment,133,581,19-05-2024 16:45
1916,order_placed,133,581,19-05-2024 16:47
1917,view,787,579,19-05-2024 18:19
1918,view,775,587,19-05-2024 18:24
1919,view,1026,521,19-05-2024 21:33
1920,view,403,529,20-05-2024 00:35
1921,view,504,535,20-05-2024 03:21
1922,view,790,552,20-05-2024 03:50
1923,view,603,515,20-05-2024 04:23
1924,view,942,571,20-05-2024 05:26
1925,add_to_cart,942,571,20-05-2024 05:26
1926,view,925,537,20-05-2024 06:02
1927,view,785,544,20-05-2024 06:44
1928,view,545,504,20-05-2024 06:58
1929,view,648,563,20-05-2024 08:14
1930,view,1084,533,20-05-2024 08:53
1931,add_to_cart,1084,533,20-05-2024 08:55
1932,checkout,1084,533,20-05-2024 08:56
1933,payment,1084,533,20-05-2024 09:02
1934,order_placed,1084,533,20-05-2024 09:04
1935,view,562,523,20-05-2024 09:26
1936,view,346,599,20-05-2024 10:05
1937,view,685,548,20-05-2024 12:43
1938,view,379,521,20-05-2024 13:15
1939,add_to_cart,379,521,20-05-2024 13:17
1940,view,451,542,20-05-2024 14:21
1941,view,704,588,20-05-2024 14:28
1942,view,114,512,20-05-2024 15:21
1943,view,958,516,20-05-2024 17:22
1944,view,747,502,20-05-2024 17:58
1945,view,670,578,20-05-2024 22:11
1946,view,977,593,20-05-2024 23:47
1947,view,961,552,21-05-2024 02:37
1948,view,543,532,21-05-2024 03:43
1949,view,1016,596,21-05-2024 05:23
1950,view,670,578,21-05-2024 05:23
1951,add_to_cart,670,578,21-05-2024 05:25
1952,checkout,670,578,21-05-2024 05:29
1953,payment,670,578,21-05-2024 05:34
1954,order_placed,670,578,21-05-2024 05:35
1955,view,1032,557,21-05-2024 08:27
1956,view,514,581,21-05-2024 09:48
1957,view,1010,580,21-05-2024 10:37
1958,view,958,530,21-05-2024 10:46
1959,view,499,538,21-05-2024 10:49
1960,view,898,594,21-05-2024 12:48
1961,view,410,503,21-05-2024 13:28
1962,add_to_cart,410,503,21-05-2024 13:29
1963,view,650,596,21-05-2024 14:39
1964,add_to_cart,650,596,21-05-2024 14:40
1965,checkout,650,596,21-05-2024 14:41
1966,payment,650,596,21-05-2024 14:44
1967,order_placed,650,596,21-05-2024 14:46
1968,view,504,516,21-05-2024 15:26
1969,view,279,593,21-05-2024 19:20
1970,view,263,517,21-05-2024 23:01
1971,view,479,598,22-05-2024 00:16
1972,view,398,519,22-05-2024 02:19
1973,view,573,546,22-05-2024 09:28
1974,view,720,529,22-05-2024 12:40
1975,view,316,564,22-05-2024 16:11
1976,view,240,523,22-05-2024 19:09
1977,view,167,505,22-05-2024 19:44
1978,add_to_cart,167,505,22-05-2024 19:46
1979,checkout,167,505,22-05-2024 19:49
1980,view,574,521,22-05-2024 21:41
1981,view,344,534,23-05-2024 01:33
1982,view,877,510,23-05-2024 08:00
1983,view,230,542,23-05-2024 09:58
1984,view,705,571,23-05-2024 14:21
1985,view,216,505,23-05-2024 14:22
1986,view,1021,552,23-05-2024 17:23
1987,add_to_cart,1021,552,23-05-2024 17:24
1988,checkout,1021,552,23-05-2024 17:28
1989,payment,1021,552,23-05-2024 17:36
1990,order_placed,1021,552,23-05-2024 17:36
1991,view,945,508,23-05-2024 19:17
1992,view,367,586,24-05-2024 00:03
1993,view,354,542,24-05-2024 01:02
1994,view,1029,556,24-05-2024 05:58
1995,view,523,546,24-05-2024 12:25
1996,view,203,518,24-05-2024 13:29
1997,view,576,524,24-05-2024 14:07
1998,view,232,531,24-05-2024 14:20
1999,view,714,540,24-05-2024 16:57
2000,view,742,571,24-05-2024 18:37
2001,view,904,509,25-05-2024 01:02
2002,add_to_cart,904,509,25-05-2024 01:04
2003,checkout,904,509,25-05-2024 01:08
2004,view,929,582,25-05-2024 02:45
2005,view,973,585,25-05-2024 03:44
2006,view,897,569,25-05-2024 04:30
2007,view,208,567,25-05-2024 05:15
2008,view,554,515,25-05-2024 08:07
2009,view,403,523,25-05-2024 08:58
2010,view,199,534,25-05-2024 11:33
2011,view,693,533,25-05-2024 13:57
2012,add_to_cart,693,533,25-05-2024 13:57
2013,view,949,553,25-05-2024 14:49
2014,view,445,543,25-05-2024 15:42
2015,view,273,523,25-05-2024 17:55
2016,add_to_cart,754,552,25-05-2024 17:57
2017,view,754,552,25-05-2024 17:57
2018,checkout,754,552,25-05-2024 17:58
2019,view,341,525,25-05-2024 18:30
2020,view,272,541,25-05-2024 23:37
2021,view,587,534,26-05-2024 00:29
2022,view,151,593,26-05-2024 00:43
2023,view,881,513,26-05-2024 02:13
2024,add_to_cart,881,513,26-05-2024 02:15
2025,view,1052,536,26-05-2024 03:27
2026,view,1056,583,26-05-2024 04:54
2027,view,401,542,26-05-2024 11:45
2028,view,212,524,26-05-2024 13:10
2029,view,597,589,26-05-2024 15:59
2030,view,386,579,26-05-2024 17:20
2031,view,804,577,26-05-2024 20:11
2032,view,377,552,26-05-2024 21:04
2033,view,504,528,26-05-2024 21:07
2034,view,909,518,27-05-2024 00:03
2035,view,493,542,27-05-2024 02:12
2036,view,638,587,27-05-2024 05:16
2037,view,862,580,27-05-2024 06:03
2038,view,613,575,27-05-2024 07:06
2039,view,217,592,27-05-2024 08:40
2040,view,449,557,27-05-2024 09:49
2041,view,821,568,27-05-2024 09:59
2042,view,616,560,27-05-2024 11:25
2043,view,775,578,27-05-2024 21:40
2044,view,652,513,27-05-2024 22:13
2045,view,258,552,27-05-2024 22:30
2046,view,301,502,27-05-2024 23:08
2047,view,996,531,28-05-2024 00:14
2048,view,821,599,28-05-2024 01:30
2049,view,813,502,28-05-2024 05:55
2050,view,757,547,28-05-2024 10:25
2051,view,370,557,28-05-2024 11:14
2052,view,644,508,28-05-2024 12:28
2053,view,683,503,28-05-2024 14:19
2054,view,370,552,28-05-2024 15:26
2055,view,883,583,28-05-2024 15:32
2056,view,912,553,28-05-2024 16:26
2057,view,576,543,28-05-2024 18:16
2058,view,204,546,28-05-2024 22:29
2059,view,1084,551,29-05-2024 00:14
2060,view,280,551,29-05-2024 01:32
2061,view,104,549,29-05-2024 02:46
2062,add_to_cart,104,549,29-05-2024 02:47
2063,view,877,556,29-05-2024 04:23
2064,view,848,544,29-05-2024 08:45
2065,view,896,551,29-05-2024 09:03
2066,view,498,549,29-05-2024 09:35
2067,view,350,505,29-05-2024 10:32
2068,view,605,579,29-05-2024 14:59
2069,view,993,512,29-05-2024 16:04
2070,view,1035,576,29-05-2024 17:08
2071,view,109,567,29-05-2024 17:18
2072,view,584,562,29-05-2024 18:37
2073,view,738,549,29-05-2024 22:01
2074,view,886,532,29-05-2024 23:58
2075,view,636,524,30-05-2024 01:08
2076,view,303,506,30-05-2024 19:00
2077,view,114,534,30-05-2024 23:46
2078,view,583,527,31-05-2024 00:30
2079,view,191,520,31-05-2024 02:21
2080,view,122,553,31-05-2024 06:19
2081,view,771,589,31-05-2024 09:01
2082,view,118,504,31-05-2024 12:59
2083,view,616,516,31-05-2024 19:21
2084,view,899,582,31-05-2024 20:54
2085,view,928,511,31-05-2024 22:39
2086,view,777,589,31-05-2024 23:02
2087,view,781,538,01-06-2024 00:31
2088,view,297,505,01-06-2024 01:19
2089,add_to_cart,297,505,01-06-2024 01:21
2090,checkout,297,505,01-06-2024 01:25
2091,payment,297,505,01-06-2024 01:27
2092,order_placed,297,505,01-06-2024 01:28
2093,view,388,586,01-06-2024 02:58
2094,view,283,567,01-06-2024 05:45
2095,view,556,564,01-06-2024 05:45
2096,view,753,521,01-06-2024 09:54
2097,view,176,558,01-06-2024 10:23
2098,add_to_cart,176,558,01-06-2024 10:26
2099,view,677,567,01-06-2024 11:49
2100,view,455,523,01-06-2024 14:21
2101,view,749,574,01-06-2024 14:25
2102,view,924,583,01-06-2024 19:24
2103,view,233,534,01-06-2024 19:56
2104,view,789,589,01-06-2024 20:03
2105,view,534,531,01-06-2024 20:35
2106,view,402,513,01-06-2024 23:59
2107,view,236,550,02-06-2024 02:49
2108,view,916,590,02-06-2024 04:13
2109,view,140,563,02-06-2024 04:26
2110,view,121,514,02-06-2024 08:11
2111,view,699,517,02-06-2024 09:37
2112,view,314,515,02-06-2024 10:17
2113,view,1100,558,02-06-2024 11:26
2114,view,731,506,02-06-2024 13:39
2115,add_to_cart,731,506,02-06-2024 13:40
2116,view,578,536,02-06-2024 15:03
2117,add_to_cart,578,536,02-06-2024 15:05
2118,checkout,578,536,02-06-2024 15:09
2119,view,164,574,02-06-2024 15:39
2120,add_to_cart,164,574,02-06-2024 15:39
2121,checkout,164,574,02-06-2024 15:41
2122,payment,164,574,02-06-2024 15:42
2123,order_placed,164,574,02-06-2024 15:42
2124,view,829,539,02-06-2024 16:16
2125,add_to_cart,829,539,02-06-2024 16:17
2126,checkout,829,539,02-06-2024 16:20
2127,payment,829,539,02-06-2024 16:27
2128,order_placed,829,539,02-06-2024 16:27
2129,view,938,528,02-06-2024 17:00
2130,view,577,533,02-06-2024 18:31
2131,add_to_cart,577,533,02-06-2024 18:31
2132,view,497,520,02-06-2024 18:34
2133,view,952,512,02-06-2024 19:00
2134,view,799,581,02-06-2024 19:59
2135,view,554,546,02-06-2024 21:13
2136,add_to_cart,554,546,02-06-2024 21:14
2137,checkout,554,546,02-06-2024 21:16
2138,view,520,571,02-06-2024 21:22
2139,add_to_cart,520,571,02-06-2024 21:23
2140,checkout,520,571,02-06-2024 21:24
2141,payment,520,571,02-06-2024 21:32
2142,order_placed,520,571,02-06-2024 21:33
2143,view,856,518,02-06-2024 23:12
2144,view,938,524,03-06-2024 04:37
2145,view,517,555,03-06-2024 06:59
2146,view,519,577,03-06-2024 09:47
2147,view,514,565,03-06-2024 14:54
2148,view,330,570,03-06-2024 15:29
2149,add_to_cart,330,570,03-06-2024 15:30
2150,view,1046,575,03-06-2024 20:54
2151,view,276,508,03-06-2024 22:29
2152,view,239,511,04-06-2024 00:01
2153,view,313,544,04-06-2024 07:33
2154,view,658,551,04-06-2024 11:17
2155,view,556,513,04-06-2024 13:06
2156,view,335,546,04-06-2024 13:43
2157,view,296,586,04-06-2024 14:49
2158,view,301,596,04-06-2024 15:48
2159,view,409,586,04-06-2024 17:28
2160,view,446,539,04-06-2024 18:01
2161,view,626,534,04-06-2024 19:47
2162,view,906,579,04-06-2024 20:17
2163,view,652,565,04-06-2024 22:10
2164,view,1072,528,04-06-2024 22:53
2165,view,200,542,04-06-2024 23:01
2166,view,555,525,05-06-2024 02:13
2167,view,109,571,05-06-2024 04:26
2168,view,843,509,05-06-2024 06:18
2169,add_to_cart,716,532,05-06-2024 07:02
2170,view,716,532,05-06-2024 07:02
2171,checkout,716,532,05-06-2024 07:04
2172,view,199,594,05-06-2024 07:07
2173,payment,716,532,05-06-2024 07:13
2174,order_placed,716,532,05-06-2024 07:14
2175,view,977,519,05-06-2024 09:32
2176,view,173,555,05-06-2024 13:36
2177,view,117,596,05-06-2024 14:58
2178,view,967,578,05-06-2024 16:28
2179,view,356,562,05-06-2024 17:59
2180,view,1074,518,05-06-2024 19:20
2181,view,185,558,05-06-2024 22:20
2182,add_to_cart,185,558,05-06-2024 22:22
2183,checkout,185,558,05-06-2024 22:23
2184,view,117,502,06-06-2024 03:09
2185,add_to_cart,117,502,06-06-2024 03:10
2186,checkout,117,502,06-06-2024 03:11
2187,payment,117,502,06-06-2024 03:20
2188,order_placed,117,502,06-06-2024 03:20
2189,view,995,549,06-06-2024 03:29
2190,view,967,590,06-06-2024 06:14
2191,add_to_cart,967,590,06-06-2024 06:17
2192,view,1011,540,06-06-2024 07:13
2193,view,458,566,06-06-2024 08:44
2194,view,437,555,06-06-2024 13:30
2195,view,144,583,06-06-2024 13:48
2196,view,641,585,06-06-2024 15:57
2197,view,155,570,06-06-2024 17:16
2198,view,123,505,06-06-2024 19:57
2199,view,322,558,06-06-2024 20:16
2200,view,460,545,06-06-2024 22:30
2201,view,259,518,07-06-2024 01:47
2202,view,1094,596,07-06-2024 02:59
2203,view,520,528,07-06-2024 05:28
2204,view,1034,521,07-06-2024 06:21
2205,add_to_cart,1034,521,07-06-2024 06:24
2206,checkout,1034,521,07-06-2024 06:27
2207,payment,1034,521,07-06-2024 06:28
2208,order_placed,1034,521,07-06-2024 06:29
2209,view,998,536,07-06-2024 10:11
2210,view,853,570,07-06-2024 10:17
2211,view,270,536,07-06-2024 20:01
2212,view,529,504,08-06-2024 02:27
2213,view,954,570,08-06-2024 09:41
2214,view,274,555,08-06-2024 15:04
2215,view,326,586,08-06-2024 18:10
2216,view,181,571,08-06-2024 19:18
2217,view,798,535,08-06-2024 23:08
2218,view,516,595,08-06-2024 23:24
2219,view,203,527,09-06-2024 01:40
2220,view,898,529,09-06-2024 13:04
2221,view,1054,549,09-06-2024 14:49
2222,view,134,560,09-06-2024 14:58
2223,view,268,597,09-06-2024 15:05
2224,view,740,583,09-06-2024 16:37
2225,view,145,541,09-06-2024 17:14
2226,view,588,558,09-06-2024 19:33
2227,view,617,532,09-06-2024 22:23
2228,view,628,506,10-06-2024 00:14
2229,view,778,508,10-06-2024 00:56
2230,view,356,518,10-06-2024 01:15
2231,view,259,535,10-06-2024 02:34
2232,view,914,589,10-06-2024 05:56
2233,view,834,513,10-06-2024 07:26
2234,view,429,562,10-06-2024 10:48
2235,view,494,542,10-06-2024 12:44
2236,view,335,600,10-06-2024 16:29
2237,view,143,591,10-06-2024 21:29
2238,view,927,574,11-06-2024 00:00
2239,view,985,553,11-06-2024 03:26
2240,view,1033,599,11-06-2024 14:44
2241,view,247,502,11-06-2024 16:01
2242,view,325,510,11-06-2024 16:18
2243,view,639,591,11-06-2024 19:19
2244,view,810,567,11-06-2024 19:56
2245,view,565,539,11-06-2024 20:11
2246,view,901,552,11-06-2024 23:24
2247,view,856,545,11-06-2024 23:59
2248,view,319,590,12-06-2024 00:14
2249,view,540,542,12-06-2024 00:18
2250,view,243,580,12-06-2024 02:48
2251,add_to_cart,243,580,12-06-2024 02:50
2252,view,507,525,12-06-2024 04:09
2253,view,945,541,12-06-2024 05:45
2254,view,820,536,12-06-2024 06:05
2255,view,398,550,12-06-2024 07:49
2256,view,656,512,12-06-2024 10:19
2257,view,472,587,12-06-2024 14:39
2258,view,1067,510,12-06-2024 18:31
2259,view,598,559,12-06-2024 18:43
2260,view,1037,503,12-06-2024 18:53
2261,view,295,534,12-06-2024 20:12
2262,view,211,585,13-06-2024 00:59
2263,view,180,524,13-06-2024 01:50
2264,view,990,526,13-06-2024 02:11
2265,add_to_cart,990,526,13-06-2024 02:13
2266,view,890,502,13-06-2024 03:27
2267,view,674,588,13-06-2024 07:24
2268,view,769,504,13-06-2024 09:49
2269,view,1089,509,13-06-2024 10:03
2270,view,955,582,13-06-2024 10:17
2271,add_to_cart,955,582,13-06-2024 10:17
2272,view,190,590,13-06-2024 11:54
2273,view,305,543,13-06-2024 13:07
2274,view,558,508,13-06-2024 16:08
2275,view,720,568,13-06-2024 18:25
2276,view,102,512,13-06-2024 18:53
2277,view,471,509,13-06-2024 19:09
2278,view,430,554,13-06-2024 19:31
2279,view,331,563,13-06-2024 19:56
2280,view,1092,556,13-06-2024 20:24
2281,view,586,502,13-06-2024 21:48
2282,view,975,526,13-06-2024 23:56
2283,add_to_cart,975,526,13-06-2024 23:57
2284,view,645,543,14-06-2024 00:02
2285,view,311,577,14-06-2024 04:34
2286,view,765,572,14-06-2024 05:28
2287,view,836,513,14-06-2024 07:05
2288,view,329,521,14-06-2024 09:33
2289,view,514,579,14-06-2024 10:29
2290,view,186,593,14-06-2024 11:51
2291,add_to_cart,186,593,14-06-2024 11:52
2292,view,265,567,14-06-2024 15:12
2293,view,477,515,14-06-2024 17:18
2294,view,256,574,14-06-2024 17:34
2295,view,325,532,14-06-2024 19:25
2296,view,896,588,14-06-2024 20:17
2297,view,1061,579,15-06-2024 00:44
2298,view,227,543,15-06-2024 02:36
2299,view,580,550,15-06-2024 02:57
2300,view,922,550,15-06-2024 03:11
2301,view,750,522,15-06-2024 06:09
2302,view,992,539,15-06-2024 09:03
2303,view,350,580,15-06-2024 10:28
2304,view,604,525,15-06-2024 14:25
2305,view,1092,520,15-06-2024 14:49
2306,view,553,568,15-06-2024 16:13
2307,view,851,528,15-06-2024 17:06
2308,view,818,549,15-06-2024 18:55
2309,view,474,570,15-06-2024 20:07
2310,view,471,510,15-06-2024 21:31
2311,view,656,540,15-06-2024 22:03
2312,view,558,514,15-06-2024 23:29
2313,view,363,518,15-06-2024 23:35
2314,view,398,538,16-06-2024 00:10
2315,view,194,592,16-06-2024 00:47
2316,view,214,531,16-06-2024 02:46
2317,view,1091,571,16-06-2024 06:04
2318,view,421,523,16-06-2024 06:54
2319,view,642,583,16-06-2024 11:23
2320,view,920,595,16-06-2024 12:14
2321,add_to_cart,920,595,16-06-2024 12:16
2322,checkout,920,595,16-06-2024 12:17
2323,payment,920,595,16-06-2024 12:26
2324,order_placed,920,595,16-06-2024 12:28
2325,view,249,579,16-06-2024 13:22
2326,view,722,581,16-06-2024 14:17
2327,view,335,569,16-06-2024 14:20
2328,view,574,579,17-06-2024 08:05
2329,view,1045,562,17-06-2024 10:55
2330,view,131,582,17-06-2024 14:14
2331,view,201,579,17-06-2024 15:41
2332,view,368,526,17-06-2024 15:58
2333,view,508,558,17-06-2024 16:37
2334,view,835,589,17-06-2024 17:30
2335,view,864,505,17-06-2024 18:16
2336,view,514,551,17-06-2024 18:48
2337,view,1027,599,17-06-2024 20:41
2338,add_to_cart,1027,599,17-06-2024 20:42
2339,view,753,600,17-06-2024 22:14
2340,view,573,533,18-06-2024 03:30
2341,view,153,512,18-06-2024 06:24
2342,view,691,505,18-06-2024 12:33
2343,add_to_cart,691,505,18-06-2024 12:35
2344,checkout,691,505,18-06-2024 12:39
2345,view,543,517,18-06-2024 12:39
2346,payment,691,505,18-06-2024 12:43
2347,order_placed,691,505,18-06-2024 12:43
2348,view,860,573,18-06-2024 14:21
2349,view,571,502,18-06-2024 14:23
2350,view,401,546,18-06-2024 14:59
2351,view,187,584,18-06-2024 21:07
2352,view,554,575,18-06-2024 21:55
2353,view,877,511,18-06-2024 22:47
2354,view,461,514,19-06-2024 02:52
2355,view,1023,537,19-06-2024 03:03
2356,view,919,522,19-06-2024 03:44
2357,view,488,520,19-06-2024 05:52
2358,view,694,593,19-06-2024 06:04
2359,view,521,567,19-06-2024 06:51
2360,view,1036,528,19-06-2024 09:00
2361,view,986,549,19-06-2024 10:31
2362,view,991,567,19-06-2024 13:47
2363,view,101,519,19-06-2024 15:10
2364,add_to_cart,101,519,19-06-2024 15:11
2365,checkout,101,519,19-06-2024 15:13
2366,payment,101,519,19-06-2024 15:14
2367,order_placed,101,519,19-06-2024 15:15
2368,view,485,585,19-06-2024 17:24
2369,view,855,502,19-06-2024 20:27
2370,view,472,570,19-06-2024 21:06
2371,view,848,557,20-06-2024 02:09
2372,add_to_cart,848,557,20-06-2024 02:11
2373,view,1050,525,20-06-2024 06:54
2374,view,1009,565,20-06-2024 09:54
2375,view,973,577,20-06-2024 10:48
2376,view,1093,510,20-06-2024 19:06
2377,view,1028,584,20-06-2024 20:26
2378,view,134,515,20-06-2024 20:39
2379,view,1008,551,20-06-2024 22:09
2380,view,530,577,20-06-2024 23:27
2381,view,884,536,21-06-2024 07:40
2382,add_to_cart,884,536,21-06-2024 07:41
2383,view,242,598,21-06-2024 13:50
2384,view,724,555,21-06-2024 16:08
2385,view,450,512,21-06-2024 17:20
2386,view,844,573,21-06-2024 19:14
2387,view,720,581,21-06-2024 19:25
2388,view,1085,547,21-06-2024 21:45
2389,add_to_cart,1085,547,21-06-2024 21:46
2390,view,753,576,22-06-2024 00:57
2391,view,437,502,22-06-2024 02:48
2392,view,549,599,22-06-2024 08:52
2393,view,917,516,22-06-2024 08:55
2394,add_to_cart,917,516,22-06-2024 08:58
2395,checkout,917,516,22-06-2024 09:00
2396,payment,917,516,22-06-2024 09:03
2397,order_placed,917,516,22-06-2024 09:05
2398,view,194,517,22-06-2024 10:46
2399,add_to_cart,194,517,22-06-2024 10:46
2400,view,377,511,22-06-2024 11:32
2401,view,335,597,22-06-2024 12:29
2402,view,353,568,22-06-2024 13:41
2403,view,369,532,22-06-2024 16:34
2404,view,110,545,22-06-2024 17:30
2405,view,1000,541,22-06-2024 19:42
2406,add_to_cart,1000,541,22-06-2024 19:43
2407,checkout,1000,541,22-06-2024 19:44
2408,view,752,568,22-06-2024 20:58
2409,add_to_cart,752,568,22-06-2024 21:01
2410,view,238,514,22-06-2024 22:30
2411,view,872,533,23-06-2024 00:49
2412,view,752,510,23-06-2024 06:34
2413,view,255,578,23-06-2024 10:09
2414,view,375,511,23-06-2024 11:44
2415,view,1065,599,23-06-2024 15:21
2416,view,528,567,23-06-2024 18:02
2417,view,554,514,23-06-2024 18:44
2418,view,733,537,23-06-2024 22:57
2419,add_to_cart,733,537,23-06-2024 22:59
2420,checkout,733,537,23-06-2024 23:01
2421,payment,733,537,23-06-2024 23:09
2422,order_placed,733,537,23-06-2024 23:11
2423,view,266,574,24-06-2024 00:44
2424,view,169,573,24-06-2024 00:53
2425,add_to_cart,169,573,24-06-2024 00:54
2426,view,674,515,24-06-2024 01:09
2427,view,1100,545,24-06-2024 01:23
2428,view,988,507,24-06-2024 05:00
2429,view,563,550,24-06-2024 05:30
2430,view,308,540,24-06-2024 08:29
2431,view,375,508,24-06-2024 13:32
2432,view,1053,543,24-06-2024 18:10
2433,view,199,516,24-06-2024 18:45
2434,view,267,509,24-06-2024 19:42
2435,add_to_cart,267,509,24-06-2024 19:42
2436,checkout,267,509,24-06-2024 19:46
2437,payment,267,509,24-06-2024 19:53
2438,order_placed,267,509,24-06-2024 19:53
2439,view,321,549,24-06-2024 22:42
2440,view,964,516,25-06-2024 02:15
2441,view,240,547,25-06-2024 10:50
2442,view,379,557,25-06-2024 16:21
2443,view,1040,578,25-06-2024 18:58
2444,view,206,580,25-06-2024 19:27
2445,view,981,552,25-06-2024 21:06
2446,view,567,564,25-06-2024 23:07
2447,view,108,511,26-06-2024 03:01
2448,view,230,582,26-06-2024 03:18
2449,add_to_cart,230,582,26-06-2024 03:19
2450,view,492,514,26-06-2024 06:13
2451,view,119,586,26-06-2024 07:32
2452,view,297,563,26-06-2024 08:12
2453,view,157,526,26-06-2024 08:51
2454,view,329,573,26-06-2024 10:10
2455,view,964,538,26-06-2024 16:47
2456,view,481,552,26-06-2024 22:30
2457,view,919,588,27-06-2024 00:52
2458,view,976,579,27-06-2024 01:41
2459,add_to_cart,976,579,27-06-2024 01:43
2460,checkout,976,579,27-06-2024 01:44
2461,payment,976,579,27-06-2024 01:49
2462,order_placed,976,579,27-06-2024 01:49
2463,add_to_cart,498,554,27-06-2024 03:15
2464,view,498,554,27-06-2024 03:15
2465,view,945,570,27-06-2024 04:24
2466,add_to_cart,945,570,27-06-2024 04:25
2467,view,617,509,27-06-2024 09:00
2468,view,365,558,27-06-2024 10:06
2469,add_to_cart,365,558,27-06-2024 10:07
2470,view,371,597,27-06-2024 10:32
2471,view,442,533,27-06-2024 10:47
2472,view,436,542,27-06-2024 12:10
2473,add_to_cart,436,542,27-06-2024 12:12
2474,view,883,590,27-06-2024 13:22
2475,view,709,507,27-06-2024 14:18
2476,add_to_cart,709,507,27-06-2024 14:18
2477,checkout,709,507,27-06-2024 14:20
2478,view,272,577,27-06-2024 15:49
2479,view,802,577,27-06-2024 22:10
2480,view,530,528,28-06-2024 00:48
2481,view,250,587,28-06-2024 01:07
2482,view,1083,557,28-06-2024 03:07
2483,view,706,549,28-06-2024 04:25
2484,view,505,572,28-06-2024 06:47
2485,add_to_cart,505,572,28-06-2024 06:49
2486,checkout,505,572,28-06-2024 06:53
2487,payment,505,572,28-06-2024 07:00
2488,order_placed,505,572,28-06-2024 07:01
2489,view,915,543,28-06-2024 09:05
2490,add_to_cart,915,543,28-06-2024 09:07
2491,view,592,586,28-06-2024 14:01
2492,view,558,509,28-06-2024 18:44
2493,view,924,514,29-06-2024 00:04
2494,view,845,583,29-06-2024 02:00
2495,view,224,571,29-06-2024 02:27
2496,view,470,546,29-06-2024 07:45
2497,view,960,594,29-06-2024 07:51
2498,view,434,588,29-06-2024 10:18
2499,view,1041,513,29-06-2024 12:45
2500,view,389,517,29-06-2024 13:17
2501,add_to_cart,389,517,29-06-2024 13:19
2502,checkout,389,517,29-06-2024 13:23
2503,view,782,569,29-06-2024 18:44
2504,view,568,509,29-06-2024 23:37
2505,view,194,574,30-06-2024 04:17
2506,view,252,565,30-06-2024 10:26
2507,add_to_cart,252,565,30-06-2024 10:28
2508,view,323,596,30-06-2024 12:55
2509,view,795,547,30-06-2024 15:09
2510,view,346,586,01-07-2024 00:38
2511,view,676,558,01-07-2024 04:08
2512,view,703,542,01-07-2024 04:37
2513,view,397,580,01-07-2024 06:16
2514,view,1096,501,01-07-2024 14:44
2515,view,532,559,01-07-2024 16:31
2516,view,908,535,01-07-2024 17:01
2517,view,242,551,01-07-2024 17:43
2518,view,410,544,01-07-2024 18:24
2519,view,1075,598,01-07-2024 20:26
2520,view,322,600,02-07-2024 01:13
2521,view,834,537,02-07-2024 01:35
2522,view,717,506,02-07-2024 13:24
2523,view,248,594,02-07-2024 13:54
2524,view,276,569,02-07-2024 15:25
2525,add_to_cart,276,569,02-07-2024 15:25
2526,view,211,521,02-07-2024 22:34
2527,add_to_cart,211,521,02-07-2024 22:35
2528,checkout,211,521,02-07-2024 22:40
2529,payment,211,521,02-07-2024 22:46
2530,order_placed,211,521,02-07-2024 22:47
2531,view,1051,565,03-07-2024 00:50
2532,view,638,541,03-07-2024 01:06
2533,view,108,592,03-07-2024 02:29
2534,view,878,584,03-07-2024 02:36
2535,view,567,531,03-07-2024 06:50
2536,view,391,570,03-07-2024 07:00
2537,view,494,530,03-07-2024 07:18
2538,view,895,560,03-07-2024 09:51
2539,view,217,561,03-07-2024 12:40
2540,add_to_cart,217,561,03-07-2024 12:40
2541,checkout,217,561,03-07-2024 12:45
2542,view,1016,580,03-07-2024 19:10
2543,view,321,537,03-07-2024 21:58
2544,view,580,512,04-07-2024 00:11
2545,view,416,551,04-07-2024 01:02
2546,view,656,559,04-07-2024 03:46
2547,view,741,549,04-07-2024 04:05
2548,view,714,596,04-07-2024 04:41
2549,view,110,504,04-07-2024 05:27
2550,view,637,593,04-07-2024 10:20
2551,view,246,578,04-07-2024 10:40
2552,view,468,592,04-07-2024 11:31
2553,view,391,551,04-07-2024 15:50
2554,view,980,519,04-07-2024 23:55
2555,view,761,588,05-07-2024 01:18
2556,view,200,599,05-07-2024 04:53
2557,add_to_cart,200,599,05-07-2024 04:53
2558,view,901,555,05-07-2024 05:44
2559,view,473,591,05-07-2024 06:40
2560,view,736,597,05-07-2024 08:25
2561,view,142,566,05-07-2024 09:21
2562,view,993,569,05-07-2024 11:14
2563,view,227,508,05-07-2024 12:43
2564,view,323,518,05-07-2024 17:43
2565,view,201,524,05-07-2024 19:53
2566,view,350,546,05-07-2024 20:27
2567,view,975,504,06-07-2024 03:56
2568,view,264,527,06-07-2024 06:36
2569,view,604,515,06-07-2024 07:04
2570,view,1067,592,06-07-2024 11:11
2571,view,714,503,06-07-2024 11:43
2572,view,201,558,06-07-2024 12:08
2573,view,140,538,06-07-2024 14:03
2574,add_to_cart,140,538,06-07-2024 14:04
2575,view,123,552,06-07-2024 14:40
2576,view,195,594,06-07-2024 18:12
2577,view,513,528,06-07-2024 21:02
2578,view,178,534,07-07-2024 03:24
2579,view,458,533,07-07-2024 04:22
2580,view,504,582,07-07-2024 06:59
2581,view,564,512,07-07-2024 09:30
2582,view,477,510,07-07-2024 10:10
2583,view,846,542,07-07-2024 10:12
2584,add_to_cart,477,510,07-07-2024 10:12
2585,checkout,477,510,07-07-2024 10:15
2586,payment,477,510,07-07-2024 10:19
2587,order_placed,477,510,07-07-2024 10:20
2588,view,423,567,07-07-2024 14:58
2589,add_to_cart,423,567,07-07-2024 15:00
2590,view,443,505,07-07-2024 22:23
2591,add_to_cart,443,505,07-07-2024 22:23
2592,checkout,443,505,07-07-2024 22:26
2593,view,682,568,07-07-2024 23:09
2594,view,303,596,07-07-2024 23:11
2595,view,389,538,08-07-2024 02:35
2596,view,964,565,08-07-2024 04:40
2597,view,991,533,08-07-2024 13:00
2598,view,511,529,08-07-2024 13:52
2599,view,161,547,08-07-2024 16:55
2600,view,656,572,08-07-2024 19:38
2601,view,1036,553,08-07-2024 20:54
2602,view,183,598,08-07-2024 20:58
2603,view,382,549,08-07-2024 23:44
2604,view,609,571,09-07-2024 00:17
2605,view,727,594,09-07-2024 00:19
2606,view,345,568,09-07-2024 04:26
2607,view,1054,586,09-07-2024 05:50
2608,view,320,581,09-07-2024 09:34
2609,view,282,585,09-07-2024 17:15
2610,view,852,578,09-07-2024 17:57
2611,view,206,514,09-07-2024 18:35
2612,view,922,508,09-07-2024 22:47
2613,view,1038,577,10-07-2024 01:07
2614,view,473,523,10-07-2024 06:06
2615,view,452,555,10-07-2024 06:43
2616,view,385,526,10-07-2024 07:23
2617,view,926,551,10-07-2024 07:44
2618,add_to_cart,926,551,10-07-2024 07:45
2619,checkout,926,551,10-07-2024 07:45
2620,payment,926,551,10-07-2024 07:47
2621,order_placed,926,551,10-07-2024 07:48
2622,view,597,578,10-07-2024 08:02
2623,view,116,589,10-07-2024 08:12
2624,view,263,523,10-07-2024 08:18
2625,add_to_cart,263,523,10-07-2024 08:20
2626,checkout,263,523,10-07-2024 08:22
2627,view,678,530,10-07-2024 09:53
2628,add_to_cart,678,530,10-07-2024 09:55
2629,checkout,678,530,10-07-2024 09:56
2630,payment,678,530,10-07-2024 10:00
2631,order_placed,678,530,10-07-2024 10:01
2632,view,765,519,10-07-2024 13:22
2633,view,465,583,10-07-2024 15:41
2634,view,511,582,10-07-2024 23:44
2635,view,320,527,10-07-2024 23:51
2636,add_to_cart,320,527,10-07-2024 23:53
2637,checkout,320,527,10-07-2024 23:54
2638,payment,320,527,10-07-2024 23:59
2639,order_placed,320,527,10-07-2024 23:59
2640,view,819,591,11-07-2024 01:48
2641,view,141,591,11-07-2024 04:20
2642,view,401,563,11-07-2024 04:41
2643,view,201,556,11-07-2024 11:58
2644,view,352,524,11-07-2024 11:58
2645,view,229,593,11-07-2024 14:23
2646,add_to_cart,229,593,11-07-2024 14:24
2647,view,343,566,11-07-2024 16:28
2648,view,474,570,11-07-2024 17:01
2649,view,759,533,11-07-2024 19:12
2650,view,221,529,11-07-2024 20:41
2651,view,820,563,12-07-2024 00:45
2652,view,621,551,12-07-2024 00:49
2653,view,206,544,12-07-2024 07:19
2654,view,513,586,12-07-2024 11:14
2655,view,588,595,12-07-2024 13:52
2656,view,367,545,12-07-2024 14:59
2657,view,633,562,12-07-2024 21:45
2658,view,211,509,13-07-2024 00:11
2659,view,756,503,13-07-2024 02:14
2660,view,391,501,13-07-2024 02:59
2661,view,366,505,13-07-2024 03:21
2662,view,734,543,13-07-2024 05:10
2663,view,500,593,13-07-2024 07:24
2664,view,498,562,13-07-2024 08:46
2665,view,929,504,13-07-2024 10:20
2666,view,1085,549,13-07-2024 12:21
2667,view,707,545,13-07-2024 14:22
2668,view,1023,581,13-07-2024 22:00
2669,view,798,542,14-07-2024 01:26
2670,view,482,592,14-07-2024 02:47
2671,view,159,553,14-07-2024 03:20
2672,view,651,588,14-07-2024 03:39
2673,view,912,546,14-07-2024 03:47
2674,view,489,552,14-07-2024 05:46
2675,view,639,582,14-07-2024 06:37
2676,view,338,554,14-07-2024 07:06
2677,view,715,509,14-07-2024 08:05
2678,view,220,549,14-07-2024 08:30
2679,view,744,580,14-07-2024 09:24
2680,view,921,527,14-07-2024 09:25
2681,view,586,517,14-07-2024 17:03
2682,view,389,528,14-07-2024 17:40
2683,view,163,557,14-07-2024 19:41
2684,view,201,550,14-07-2024 21:16
2685,view,703,525,14-07-2024 21:55
2686,view,970,587,14-07-2024 22:24
2687,view,1048,546,15-07-2024 01:38
2688,view,580,539,15-07-2024 02:00
2689,view,270,565,15-07-2024 05:33
2690,view,634,558,15-07-2024 05:35
2691,add_to_cart,634,558,15-07-2024 05:37
2692,checkout,634,558,15-07-2024 05:41
2693,payment,634,558,15-07-2024 05:50
2694,order_placed,634,558,15-07-2024 05:52
2695,view,270,537,15-07-2024 17:43
2696,view,1056,583,15-07-2024 18:51
2697,view,607,561,15-07-2024 19:38
2698,view,641,528,16-07-2024 07:24
2699,view,794,571,16-07-2024 08:14
2700,add_to_cart,794,571,16-07-2024 08:15
2701,checkout,794,571,16-07-2024 08:15
2702,payment,794,571,16-07-2024 08:20
2703,order_placed,794,571,16-07-2024 08:21
2704,view,959,513,16-07-2024 08:48
2705,view,880,524,16-07-2024 19:15
2706,view,1092,573,17-07-2024 00:49
2707,view,299,530,17-07-2024 05:12
2708,view,310,542,17-07-2024 06:16
2709,view,761,588,17-07-2024 10:36
2710,add_to_cart,761,588,17-07-2024 10:39
2711,view,123,573,17-07-2024 13:02
2712,view,156,506,17-07-2024 13:37
2713,view,467,547,17-07-2024 19:06
2714,view,854,509,17-07-2024 20:11
2715,view,1083,503,17-07-2024 20:50
2716,view,114,567,17-07-2024 21:39
2717,view,896,535,17-07-2024 21:55
2718,view,438,513,17-07-2024 22:02
2719,view,919,552,17-07-2024 23:48
2720,view,809,530,18-07-2024 06:39
2721,view,507,542,18-07-2024 08:18
2722,view,187,573,18-07-2024 09:36
2723,view,237,567,18-07-2024 14:41
2724,view,512,505,18-07-2024 16:03
2725,view,291,543,18-07-2024 16:46
2726,view,533,589,18-07-2024 17:53
2727,view,265,521,18-07-2024 19:35
2728,view,702,532,18-07-2024 23:10
2729,view,446,528,18-07-2024 23:47
2730,view,176,527,19-07-2024 05:20
2731,view,609,589,19-07-2024 06:15
2732,view,935,532,19-07-2024 09:43
2733,view,429,527,19-07-2024 10:12
2734,view,730,514,19-07-2024 11:04
2735,view,383,579,19-07-2024 13:51
2736,view,371,545,19-07-2024 17:34
2737,add_to_cart,371,545,19-07-2024 17:36
2738,checkout,371,545,19-07-2024 17:40
2739,payment,371,545,19-07-2024 17:49
2740,order_placed,371,545,19-07-2024 17:51
2741,view,670,590,19-07-2024 18:16
2742,view,934,575,19-07-2024 21:26
2743,view,342,556,19-07-2024 23:06
2744,view,286,531,20-07-2024 03:22
2745,view,461,598,20-07-2024 10:03
2746,view,748,507,20-07-2024 18:30
2747,view,255,530,20-07-2024 19:05
2748,view,133,566,20-07-2024 23:33
2749,add_to_cart,364,520,21-07-2024 01:44
2750,view,364,520,21-07-2024 01:44
2751,view,292,546,21-07-2024 01:51
2752,view,409,525,21-07-2024 02:12
2753,view,886,545,21-07-2024 02:26
2754,view,889,517,21-07-2024 04:18
2755,view,1080,534,21-07-2024 05:15
2756,view,810,587,21-07-2024 05:26
2757,view,295,522,21-07-2024 07:27
2758,view,684,580,21-07-2024 10:17
2759,view,139,505,21-07-2024 11:11
2760,view,695,544,21-07-2024 17:33
2761,view,135,540,21-07-2024 18:44
2762,view,439,593,21-07-2024 21:02
2763,view,690,590,22-07-2024 02:30
2764,view,811,546,22-07-2024 04:26
2765,view,503,561,22-07-2024 05:36
2766,view,447,593,22-07-2024 10:17
2767,view,1035,537,22-07-2024 11:23
2768,view,838,510,22-07-2024 13:00
2769,view,838,503,22-07-2024 13:31
2770,view,203,563,22-07-2024 14:34
2771,view,861,599,22-07-2024 15:49
2772,view,628,575,22-07-2024 20:43
2773,view,732,530,23-07-2024 01:17
2774,view,401,557,23-07-2024 03:05
2775,view,860,530,23-07-2024 04:02
2776,view,401,520,23-07-2024 05:47
2777,view,395,583,23-07-2024 11:01
2778,view,1011,577,23-07-2024 17:06
2779,view,457,567,23-07-2024 19:55
2780,view,489,568,23-07-2024 20:07
2781,add_to_cart,489,568,23-07-2024 20:08
2782,checkout,489,568,23-07-2024 20:10
2783,payment,489,568,23-07-2024 20:11
2784,order_placed,489,568,23-07-2024 20:12
2785,view,205,526,23-07-2024 21:29
2786,view,824,561,24-07-2024 00:26
2787,view,323,566,24-07-2024 00:36
2788,view,643,510,24-07-2024 02:11
2789,view,735,554,24-07-2024 02:47
2790,view,284,596,24-07-2024 05:52
2791,view,252,527,24-07-2024 08:21
2792,view,351,586,24-07-2024 15:21
2793,view,540,564,24-07-2024 16:15
2794,view,724,580,24-07-2024 17:32
2795,view,524,512,25-07-2024 02:46
2796,view,1020,540,25-07-2024 03:31
2797,view,891,531,25-07-2024 04:19
2798,view,106,531,25-07-2024 06:05
2799,view,415,540,25-07-2024 06:26
2800,view,898,580,25-07-2024 06:36
2801,view,279,585,25-07-2024 07:49
2802,view,493,525,25-07-2024 14:01
2803,view,282,555,25-07-2024 15:17
2804,view,932,528,25-07-2024 15:39
2805,view,219,546,25-07-2024 16:30
2806,add_to_cart,219,546,25-07-2024 16:32
2807,view,241,511,25-07-2024 17:38
2808,view,787,596,25-07-2024 23:10
2809,view,754,573,26-07-2024 00:24
2810,view,103,538,26-07-2024 00:58
2811,view,1087,514,26-07-2024 01:01
2812,view,948,542,26-07-2024 07:48
2813,view,970,563,26-07-2024 10:16
2814,view,598,519,26-07-2024 11:07
2815,view,105,579,26-07-2024 11:11
2816,view,211,594,26-07-2024 13:06
2817,view,814,599,26-07-2024 16:11
2818,view,935,555,26-07-2024 18:16
2819,view,953,553,26-07-2024 20:18
2820,view,738,518,26-07-2024 20:47
2821,view,726,529,26-07-2024 22:05
2822,add_to_cart,726,529,26-07-2024 22:05
2823,view,483,544,26-07-2024 23:01
2824,view,263,525,27-07-2024 01:38
2825,view,269,540,27-07-2024 03:31
2826,add_to_cart,269,540,27-07-2024 03:32
2827,view,758,561,27-07-2024 04:27
2828,view,756,520,27-07-2024 04:55
2829,view,778,593,27-07-2024 05:16
2830,view,472,589,27-07-2024 06:10
2831,view,527,585,27-07-2024 06:38
2832,view,868,573,27-07-2024 08:59
2833,view,767,520,27-07-2024 09:27
2834,view,210,554,27-07-2024 11:51
2835,view,1004,527,27-07-2024 13:46
2836,view,716,557,27-07-2024 13:51
2837,view,851,522,27-07-2024 22:34
2838,add_to_cart,851,522,27-07-2024 22:34
2839,checkout,851,522,27-07-2024 22:35
2840,payment,851,522,27-07-2024 22:40
2841,order_placed,851,522,27-07-2024 22:41
2842,view,780,533,27-07-2024 22:49
2843,view,243,547,27-07-2024 23:57
2844,view,493,576,28-07-2024 06:28
2845,view,676,586,28-07-2024 07:15
2846,view,387,549,28-07-2024 08:36
2847,view,696,563,28-07-2024 11:29
2848,view,563,539,28-07-2024 13:40
2849,view,536,598,28-07-2024 14:57
2850,view,113,553,28-07-2024 16:31
2851,add_to_cart,113,553,28-07-2024 16:32
2852,checkout,113,553,28-07-2024 16:36
2853,view,334,516,29-07-2024 01:23
2854,add_to_cart,334,516,29-07-2024 01:25
2855,view,791,526,29-07-2024 05:23
2856,view,872,552,29-07-2024 09:50
2857,add_to_cart,872,552,29-07-2024 09:51
2858,checkout,872,552,29-07-2024 09:55
2859,payment,872,552,29-07-2024 09:55
2860,order_placed,872,552,29-07-2024 09:57
2861,view,216,590,29-07-2024 13:46
2862,view,912,514,29-07-2024 21:15
2863,view,458,513,29-07-2024 22:09
2864,view,918,595,30-07-2024 00:39
2865,view,807,579,30-07-2024 00:55
2866,view,329,555,30-07-2024 08:02
2867,view,232,523,30-07-2024 08:50
2868,view,596,514,30-07-2024 08:55
2869,add_to_cart,596,514,30-07-2024 08:57
2870,checkout,596,514,30-07-2024 08:58
2871,payment,596,514,30-07-2024 09:01
2872,order_placed,596,514,30-07-2024 09:03
2873,view,350,505,30-07-2024 09:23
2874,view,918,510,30-07-2024 16:25
2875,view,715,585,30-07-2024 17:17
2876,view,205,527,30-07-2024 18:25
2877,view,981,566,30-07-2024 19:17
2878,view,909,509,30-07-2024 22:31
2879,view,227,517,31-07-2024 07:53
2880,view,762,557,31-07-2024 11:03
2881,view,1045,541,31-07-2024 11:35
2882,view,292,505,31-07-2024 12:29
2883,view,884,529,31-07-2024 12:50
2884,view,588,580,31-07-2024 17:40
2885,view,842,561,31-07-2024 19:35
2886,view,467,590,31-07-2024 21:18
2887,add_to_cart,467,590,31-07-2024 21:20
2888,checkout,467,590,31-07-2024 21:25
2889,payment,467,590,31-07-2024 21:28
2890,order_placed,467,590,31-07-2024 21:30
2891,view,634,530,31-07-2024 21:39
2892,view,975,542,01-08-2024 01:11
2893,view,376,540,01-08-2024 01:49
2894,view,723,566,01-08-2024 05:10
2895,view,848,543,01-08-2024 08:41
2896,view,776,595,01-08-2024 09:40
2897,view,937,562,01-08-2024 13:36
2898,view,320,528,01-08-2024 14:12
2899,view,835,595,01-08-2024 17:14
2900,view,130,520,01-08-2024 18:57
2901,view,463,565,01-08-2024 21:31
2902,view,504,541,02-08-2024 00:59
2903,view,1097,530,02-08-2024 01:45
2904,view,715,544,02-08-2024 04:33
2905,view,823,524,02-08-2024 05:38
2906,view,1057,544,02-08-2024 08:48
2907,add_to_cart,1057,544,02-08-2024 08:49
2908,view,766,535,02-08-2024 10:19
2909,view,179,576,02-08-2024 10:21
2910,view,456,575,02-08-2024 10:44
2911,view,397,594,02-08-2024 11:10
2912,view,506,513,02-08-2024 11:57
2913,view,405,510,02-08-2024 11:57
2914,add_to_cart,405,510,02-08-2024 11:58
2915,view,871,568,02-08-2024 12:08
2916,view,1007,562,02-08-2024 12:51
2917,view,1094,578,02-08-2024 15:40
2918,view,459,592,02-08-2024 16:25
2919,view,459,516,02-08-2024 22:02
2920,view,320,597,02-08-2024 23:27
2921,view,108,551,03-08-2024 11:06
2922,view,820,514,03-08-2024 11:08
2923,view,217,589,03-08-2024 16:22
2924,view,241,551,03-08-2024 20:24
2925,add_to_cart,241,551,03-08-2024 20:26
2926,view,992,537,03-08-2024 22:09
2927,view,666,501,04-08-2024 01:52
2928,view,468,575,04-08-2024 04:51
2929,view,476,554,04-08-2024 16:47
2930,view,706,518,05-08-2024 00:15
2931,view,692,540,05-08-2024 02:25
2932,view,502,529,05-08-2024 08:30
2933,view,841,578,05-08-2024 11:00
2934,view,1013,531,05-08-2024 13:28
2935,view,1044,513,05-08-2024 18:40
2936,view,1060,513,05-08-2024 20:48
2937,view,1019,557,05-08-2024 21:27
2938,view,219,568,06-08-2024 00:00
2939,view,527,600,06-08-2024 01:02
2940,view,590,522,06-08-2024 02:02
2941,view,857,597,06-08-2024 02:30
2942,view,1012,575,06-08-2024 07:10
2943,view,472,578,06-08-2024 08:52
2944,view,1068,539,06-08-2024 11:09
2945,add_to_cart,1068,539,06-08-2024 11:11
2946,checkout,1068,539,06-08-2024 11:16
2947,view,119,600,06-08-2024 11:17
2948,view,329,524,06-08-2024 15:19
2949,view,586,549,06-08-2024 16:50
2950,view,645,568,06-08-2024 16:52
2951,view,727,585,06-08-2024 20:09
2952,view,934,543,07-08-2024 03:11
2953,view,195,580,07-08-2024 03:11
2954,add_to_cart,934,543,07-08-2024 03:12
2955,view,292,528,07-08-2024 03:31
2956,view,502,562,07-08-2024 04:25
2957,view,490,575,07-08-2024 14:17
2958,view,462,578,08-08-2024 03:07
2959,view,530,589,08-08-2024 09:32
2960,view,1061,523,08-08-2024 09:53
2961,view,1063,534,08-08-2024 12:08
2962,view,676,594,08-08-2024 13:05
2963,add_to_cart,676,594,08-08-2024 13:07
2964,view,1059,598,08-08-2024 13:10
2965,checkout,676,594,08-08-2024 13:12
2966,view,280,515,08-08-2024 13:33
2967,view,278,597,08-08-2024 15:11
2968,view,803,587,08-08-2024 16:02
2969,view,1087,560,08-08-2024 20:36
2970,view,901,525,08-08-2024 22:04
2971,view,673,531,08-08-2024 22:26
2972,view,675,515,09-08-2024 02:58
2973,view,318,517,09-08-2024 03:59
2974,view,631,506,09-08-2024 07:10
2975,view,552,527,09-08-2024 09:29
2976,view,639,559,09-08-2024 11:35
2977,view,902,574,09-08-2024 15:55
2978,view,435,562,09-08-2024 16:01
2979,view,795,535,09-08-2024 17:04
2980,add_to_cart,795,535,09-08-2024 17:06
2981,checkout,795,535,09-08-2024 17:06
2982,payment,795,535,09-08-2024 17:16
2983,order_placed,795,535,09-08-2024 17:16
2984,view,322,553,09-08-2024 17:44
2985,view,283,548,09-08-2024 23:52
2986,view,362,515,09-08-2024 23:56
2987,view,983,505,10-08-2024 00:13
2988,view,676,569,10-08-2024 04:02
2989,view,448,569,10-08-2024 07:30
2990,view,149,570,10-08-2024 08:25
2991,view,500,597,10-08-2024 08:28
2992,view,739,553,10-08-2024 09:39
2993,view,358,526,10-08-2024 10:02
2994,view,264,525,10-08-2024 10:53
2995,view,1086,560,10-08-2024 11:10
2996,view,772,522,10-08-2024 11:50
2997,view,274,595,10-08-2024 12:04
2998,view,473,564,10-08-2024 15:18
2999,view,136,521,10-08-2024 17:12
3000,view,179,552,10-08-2024 17:14
3001,view,1005,504,10-08-2024 18:34
3002,view,963,560,11-08-2024 01:32
3003,add_to_cart,963,560,11-08-2024 01:34
3004,view,540,509,11-08-2024 03:35
3005,view,360,504,11-08-2024 03:45
3006,add_to_cart,360,504,11-08-2024 03:46
3007,view,1094,582,11-08-2024 03:48
3008,view,308,582,11-08-2024 13:03
3009,add_to_cart,308,582,11-08-2024 13:03
3010,checkout,308,582,11-08-2024 13:08
3011,payment,308,582,11-08-2024 13:15
3012,order_placed,308,582,11-08-2024 13:16
3013,view,686,544,11-08-2024 14:08
3014,view,589,517,11-08-2024 15:32
3015,add_to_cart,589,517,11-08-2024 15:32
3016,view,375,555,11-08-2024 16:20
3017,view,234,516,11-08-2024 19:44
3018,view,191,588,11-08-2024 19:51
3019,view,1023,558,11-08-2024 20:27
3020,view,366,581,11-08-2024 21:43
3021,add_to_cart,366,581,11-08-2024 21:43
3022,view,228,515,11-08-2024 22:26
3023,view,1001,517,12-08-2024 02:33
3024,view,645,552,12-08-2024 03:28
3025,view,1054,564,12-08-2024 03:58
3026,view,911,520,12-08-2024 04:47
3027,add_to_cart,911,520,12-08-2024 04:49
3028,checkout,911,520,12-08-2024 04:50
3029,payment,911,520,12-08-2024 05:00
3030,order_placed,911,520,12-08-2024 05:00
3031,view,701,595,12-08-2024 06:30
3032,view,723,557,12-08-2024 07:15
3033,view,166,540,12-08-2024 07:24
3034,view,1005,521,12-08-2024 08:41
3035,view,1058,522,12-08-2024 09:29
3036,add_to_cart,572,589,12-08-2024 12:46
3037,view,572,589,12-08-2024 12:47
3038,checkout,572,589,12-08-2024 12:50
3039,payment,572,589,12-08-2024 12:57
3040,order_placed,572,589,12-08-2024 12:59
3041,view,563,544,12-08-2024 15:53
3042,view,562,522,12-08-2024 15:59
3043,view,872,516,12-08-2024 16:11
3044,view,786,504,12-08-2024 17:52
3045,view,620,541,12-08-2024 18:29
3046,view,941,577,12-08-2024 18:36
3047,add_to_cart,941,577,12-08-2024 18:37
3048,view,929,597,12-08-2024 20:51
3049,view,422,569,12-08-2024 21:54
3050,view,1046,564,13-08-2024 01:45
3051,view,1094,590,13-08-2024 02:03
3052,add_to_cart,1094,590,13-08-2024 02:04
3053,view,1059,595,13-08-2024 05:58
3054,view,716,546,13-08-2024 07:49
3055,add_to_cart,716,546,13-08-2024 07:52
3056,view,548,597,13-08-2024 14:30
3057,view,925,591,13-08-2024 15:34
3058,view,434,510,13-08-2024 20:58
3059,view,127,589,13-08-2024 23:29
3060,view,749,501,14-08-2024 02:58
3061,view,657,571,14-08-2024 03:29
3062,view,178,597,14-08-2024 10:47
3063,view,544,571,14-08-2024 14:09
3064,view,172,534,14-08-2024 18:23
3065,view,567,600,14-08-2024 21:59
3066,view,1038,529,15-08-2024 00:55
3067,view,267,510,15-08-2024 01:07
3068,add_to_cart,267,510,15-08-2024 01:08
3069,view,344,522,15-08-2024 04:19
3070,view,585,571,15-08-2024 07:59
3071,view,463,549,15-08-2024 12:32
3072,view,982,587,15-08-2024 15:53
3073,view,245,596,15-08-2024 21:25
3074,add_to_cart,245,596,15-08-2024 21:25
3075,view,590,508,15-08-2024 21:32
3076,add_to_cart,590,508,15-08-2024 21:34
3077,view,352,583,15-08-2024 23:15
3078,view,790,600,16-08-2024 01:08
3079,view,442,597,16-08-2024 03:38
3080,add_to_cart,442,597,16-08-2024 03:38
3081,checkout,442,597,16-08-2024 03:41
3082,payment,442,597,16-08-2024 03:45
3083,order_placed,442,597,16-08-2024 03:46
3084,view,144,522,16-08-2024 03:50
3085,view,684,566,16-08-2024 04:01
3086,view,675,554,16-08-2024 06:52
3087,view,862,597,16-08-2024 10:37
3088,view,377,555,16-08-2024 17:26
3089,view,773,532,16-08-2024 22:15
3090,view,730,546,16-08-2024 22:36
3091,view,983,597,16-08-2024 23:02
3092,view,161,540,17-08-2024 05:29
3093,view,144,510,17-08-2024 09:45
3094,view,1090,528,17-08-2024 15:32
3095,view,726,585,17-08-2024 16:25
3096,view,346,531,17-08-2024 20:06
3097,view,919,507,17-08-2024 20:20
3098,view,599,556,17-08-2024 23:56
3099,view,234,540,18-08-2024 00:58
3100,view,644,566,18-08-2024 01:49
3101,view,889,573,18-08-2024 04:53
3102,view,483,518,18-08-2024 05:42
3103,view,203,541,18-08-2024 06:43
3104,view,1090,560,18-08-2024 12:01
3105,view,260,524,18-08-2024 15:50
3106,view,1032,554,18-08-2024 16:49
3107,view,998,507,18-08-2024 21:47
3108,view,644,556,19-08-2024 04:13
3109,view,756,583,19-08-2024 06:47
3110,view,362,570,19-08-2024 09:35
3111,view,542,559,19-08-2024 16:08
3112,view,1043,548,19-08-2024 18:16
3113,view,493,504,19-08-2024 18:34
3114,view,892,507,19-08-2024 20:11
3115,view,785,520,19-08-2024 20:54
3116,view,1042,574,19-08-2024 22:06
3117,add_to_cart,1042,574,19-08-2024 22:07
3118,checkout,1042,574,19-08-2024 22:09
3119,payment,1042,574,19-08-2024 22:18
3120,order_placed,1042,574,19-08-2024 22:19
3121,view,235,506,20-08-2024 02:28
3122,view,394,529,20-08-2024 03:15
3123,view,417,584,20-08-2024 03:28
3124,view,1078,544,20-08-2024 03:38
3125,view,994,546,20-08-2024 06:50
3126,view,171,517,20-08-2024 08:29
3127,view,259,596,20-08-2024 11:09
3128,add_to_cart,259,596,20-08-2024 11:11
3129,checkout,259,596,20-08-2024 11:16
3130,view,1013,565,20-08-2024 13:56
3131,view,421,535,20-08-2024 14:30
3132,view,360,517,20-08-2024 19:58
3133,view,243,571,20-08-2024 22:02
3134,view,1059,569,20-08-2024 22:31
3135,view,188,506,21-08-2024 02:12
3136,view,622,566,21-08-2024 02:47
3137,view,815,557,21-08-2024 03:01
3138,view,796,584,21-08-2024 04:12
3139,add_to_cart,796,584,21-08-2024 04:14
3140,view,874,535,21-08-2024 05:53
3141,view,722,582,21-08-2024 06:20
3142,view,478,567,21-08-2024 12:44
3143,view,1071,544,21-08-2024 15:11
3144,view,392,557,21-08-2024 16:26
3145,view,152,523,21-08-2024 17:53
3146,view,624,585,21-08-2024 19:44
3147,view,543,576,21-08-2024 20:03
3148,view,185,560,21-08-2024 21:28
3149,view,516,549,21-08-2024 22:39
3150,view,220,561,21-08-2024 23:12
3151,view,660,546,21-08-2024 23:30
3152,view,648,518,22-08-2024 00:00
3153,view,1076,599,22-08-2024 00:12
3154,view,907,546,22-08-2024 02:23
3155,view,692,504,22-08-2024 03:46
3156,add_to_cart,692,504,22-08-2024 03:47
3157,checkout,692,504,22-08-2024 03:51
3158,payment,692,504,22-08-2024 03:55
3159,order_placed,692,504,22-08-2024 03:56
3160,view,876,578,22-08-2024 10:07
3161,add_to_cart,876,578,22-08-2024 10:09
3162,checkout,876,578,22-08-2024 10:10
3163,view,816,520,22-08-2024 10:13
3164,payment,876,578,22-08-2024 10:14
3165,order_placed,876,578,22-08-2024 10:16
3166,view,788,557,22-08-2024 12:08
3167,view,1081,550,22-08-2024 13:06
3168,view,705,596,22-08-2024 16:01
3169,view,210,522,22-08-2024 18:35
3170,view,652,570,22-08-2024 21:18
3171,view,979,561,22-08-2024 22:52
3172,view,198,525,22-08-2024 23:07
3173,view,1027,590,22-08-2024 23:09
3174,view,714,582,23-08-2024 00:24
3175,view,385,559,23-08-2024 01:01
3176,view,273,600,23-08-2024 02:19
3177,view,428,553,23-08-2024 02:20
3178,view,689,596,23-08-2024 03:36
3179,add_to_cart,689,596,23-08-2024 03:37
3180,view,207,532,23-08-2024 04:29
3181,view,403,586,23-08-2024 05:47
3182,view,123,563,23-08-2024 06:29
3183,view,516,583,23-08-2024 08:36
3184,view,286,555,23-08-2024 10:22
3185,view,569,588,23-08-2024 14:34
3186,add_to_cart,569,588,23-08-2024 14:35
3187,view,104,569,23-08-2024 15:21
3188,view,785,549,23-08-2024 15:56
3189,view,833,590,23-08-2024 19:11
3190,view,575,597,23-08-2024 19:14
3191,view,765,573,23-08-2024 20:25
3192,view,1004,568,23-08-2024 21:26
3193,view,440,598,23-08-2024 22:30
3194,view,766,549,24-08-2024 01:16
3195,view,749,579,24-08-2024 01:41
3196,view,111,552,24-08-2024 02:24
3197,view,1032,595,24-08-2024 03:07
3198,view,724,516,24-08-2024 04:00
3199,view,479,525,24-08-2024 07:18
3200,view,940,571,24-08-2024 08:04
3201,view,642,595,24-08-2024 12:49
3202,view,635,526,24-08-2024 13:57
3203,view,795,563,24-08-2024 15:31
3204,view,998,581,24-08-2024 15:51
3205,view,753,505,24-08-2024 20:05
3206,view,757,542,25-08-2024 07:13
3207,view,644,559,25-08-2024 08:09
3208,view,867,599,25-08-2024 11:09
3209,view,157,562,25-08-2024 13:52
3210,view,496,521,25-08-2024 17:25
3211,view,495,535,25-08-2024 17:30
3212,view,236,524,25-08-2024 21:08
3213,view,821,513,25-08-2024 22:55
3214,view,553,595,26-08-2024 01:01
3215,add_to_cart,553,595,26-08-2024 01:02
3216,checkout,553,595,26-08-2024 01:04
3217,view,560,504,26-08-2024 01:09
3218,view,748,550,26-08-2024 03:46
3219,view,175,533,26-08-2024 05:31
3220,add_to_cart,175,533,26-08-2024 05:33
3221,checkout,175,533,26-08-2024 05:35
3222,payment,175,533,26-08-2024 05:42
3223,order_placed,175,533,26-08-2024 05:43
3224,view,682,569,26-08-2024 06:46
3225,add_to_cart,682,569,26-08-2024 06:47
3226,checkout,682,569,26-08-2024 06:52
3227,view,1090,554,26-08-2024 16:56
3228,view,993,525,26-08-2024 17:14
3229,add_to_cart,993,525,26-08-2024 17:16
3230,checkout,993,525,26-08-2024 17:18
3231,payment,993,525,26-08-2024 17:28
3232,order_placed,993,525,26-08-2024 17:28
3233,view,519,511,27-08-2024 01:09
3234,add_to_cart,519,511,27-08-2024 01:11
3235,view,386,586,27-08-2024 05:05
3236,view,654,537,27-08-2024 07:09
3237,view,256,566,27-08-2024 08:42
3238,view,1083,592,27-08-2024 13:57
3239,view,852,544,27-08-2024 14:01
3240,view,655,545,27-08-2024 14:12
3241,view,1013,554,27-08-2024 15:53
3242,view,951,576,27-08-2024 16:18
3243,view,1051,583,28-08-2024 02:34
3244,view,744,528,28-08-2024 03:50
3245,view,590,517,28-08-2024 07:06
3246,view,1026,545,28-08-2024 09:27
3247,view,648,504,28-08-2024 10:50
3248,view,943,592,28-08-2024 12:44
3249,view,922,564,28-08-2024 15:35
3250,view,1053,556,28-08-2024 15:54
3251,view,179,588,28-08-2024 17:09
3252,add_to_cart,179,588,28-08-2024 17:10
3253,checkout,179,588,28-08-2024 17:14
3254,payment,179,588,28-08-2024 17:20
3255,order_placed,179,588,28-08-2024 17:21
3256,view,364,558,28-08-2024 20:47
3257,view,881,533,28-08-2024 21:52
3258,view,306,554,28-08-2024 22:34
3259,view,884,545,29-08-2024 04:19
3260,view,504,515,29-08-2024 06:32
3261,view,241,506,29-08-2024 07:37
3262,view,110,540,29-08-2024 22:22
3263,view,953,582,30-08-2024 03:57
3264,view,473,525,30-08-2024 05:11
3265,view,901,561,30-08-2024 09:10
3266,view,460,595,30-08-2024 12:28
3267,view,1041,578,30-08-2024 14:10
3268,view,168,508,30-08-2024 19:59
3269,view,162,569,30-08-2024 21:10
3270,view,101,598,31-08-2024 00:39
3271,add_to_cart,101,598,31-08-2024 00:40
3272,view,301,502,31-08-2024 02:51
3273,view,535,561,31-08-2024 04:19
3274,add_to_cart,535,561,31-08-2024 04:20
3275,view,157,511,31-08-2024 05:47
3276,view,1100,572,31-08-2024 08:18
3277,view,833,557,31-08-2024 08:19
3278,view,1005,597,31-08-2024 10:52
3279,view,817,594,31-08-2024 13:13
3280,add_to_cart,817,594,31-08-2024 13:14
3281,checkout,817,594,31-08-2024 13:18
3282,view,508,537,31-08-2024 15:48
3283,view,1058,543,31-08-2024 17:48
3284,view,947,543,31-08-2024 19:51
3285,view,798,528,31-08-2024 21:01
3286,view,990,545,31-08-2024 21:38
3287,view,356,523,31-08-2024 22:08
3288,view,419,560,31-08-2024 22:35
3289,view,964,502,01-09-2024 01:25
3290,view,289,511,01-09-2024 06:09
3291,add_to_cart,289,511,01-09-2024 06:09
3292,checkout,289,511,01-09-2024 06:12
3293,payment,289,511,01-09-2024 06:14
3294,order_placed,289,511,01-09-2024 06:16
3295,view,401,572,01-09-2024 11:43
3296,view,691,593,01-09-2024 11:50
3297,view,110,527,01-09-2024 15:30
3298,view,120,533,01-09-2024 17:54
3299,view,132,594,01-09-2024 18:00
3300,view,259,573,01-09-2024 20:10
3301,view,755,554,01-09-2024 20:45
3302,view,997,595,02-09-2024 06:11
3303,view,905,565,02-09-2024 08:03
3304,view,735,544,02-09-2024 08:59
3305,view,361,539,02-09-2024 09:20
3306,view,828,600,02-09-2024 11:27
3307,view,186,517,02-09-2024 12:01
3308,view,1035,594,02-09-2024 13:01
3309,view,487,558,02-09-2024 18:28
3310,add_to_cart,487,558,02-09-2024 18:31
3311,checkout,487,558,02-09-2024 18:32
3312,payment,487,558,02-09-2024 18:36
3313,order_placed,487,558,02-09-2024 18:38
3314,view,538,553,02-09-2024 19:46
3315,view,303,527,02-09-2024 22:06
3316,add_to_cart,303,527,02-09-2024 22:07
3317,view,361,567,02-09-2024 22:49
3318,view,401,560,02-09-2024 23:01
3319,view,916,513,02-09-2024 23:10
3320,view,1097,578,03-09-2024 03:06
3321,view,182,530,03-09-2024 04:52
3322,view,412,561,03-09-2024 06:32
3323,view,760,515,03-09-2024 06:52
3324,view,1009,538,03-09-2024 07:05
3325,view,216,592,03-09-2024 07:07
3326,view,374,599,03-09-2024 09:13
3327,view,685,575,03-09-2024 12:18
3328,view,355,586,03-09-2024 14:02
3329,view,518,535,03-09-2024 14:09
3330,view,458,600,03-09-2024 15:37
3331,view,504,572,03-09-2024 15:45
3332,view,630,551,03-09-2024 17:36
3333,view,614,569,03-09-2024 23:56
3334,add_to_cart,618,535,04-09-2024 00:27
3335,view,618,535,04-09-2024 00:27
3336,checkout,618,535,04-09-2024 00:32
3337,payment,618,535,04-09-2024 00:35
3338,view,794,584,04-09-2024 02:32
3339,view,290,596,04-09-2024 03:02
3340,view,838,598,04-09-2024 04:34
3341,view,589,552,04-09-2024 08:29
3342,view,336,574,04-09-2024 09:59
3343,add_to_cart,336,574,04-09-2024 10:00
3344,checkout,336,574,04-09-2024 10:03
3345,payment,336,574,04-09-2024 10:04
3346,order_placed,336,574,04-09-2024 10:05
3347,view,979,513,04-09-2024 11:34
3348,view,329,549,04-09-2024 20:17
3349,view,620,592,05-09-2024 00:35
3350,view,581,502,05-09-2024 01:16
3351,view,624,594,05-09-2024 04:11
3352,view,579,525,05-09-2024 04:12
3353,view,252,516,05-09-2024 07:44
3354,view,139,509,05-09-2024 07:52
3355,view,213,555,05-09-2024 08:07
3356,add_to_cart,213,555,05-09-2024 08:07
3357,view,624,548,05-09-2024 09:07
3358,view,249,544,05-09-2024 10:52
3359,view,633,595,05-09-2024 11:42
3360,view,1098,565,05-09-2024 15:38
3361,view,859,558,05-09-2024 17:36
3362,view,875,518,05-09-2024 20:53
3363,view,589,596,05-09-2024 21:14
3364,view,490,559,05-09-2024 21:57
3365,view,1000,511,06-09-2024 00:39
3366,view,930,562,06-09-2024 00:45
3367,add_to_cart,930,562,06-09-2024 00:47
3368,view,924,568,06-09-2024 03:03
3369,add_to_cart,924,568,06-09-2024 03:04
3370,checkout,924,568,06-09-2024 03:08
3371,view,633,531,06-09-2024 04:15
3372,view,532,517,06-09-2024 04:40
3373,view,661,600,06-09-2024 08:14
3374,view,125,552,06-09-2024 08:22
3375,view,1062,600,06-09-2024 08:53
3376,view,1025,597,06-09-2024 12:51
3377,view,1013,591,06-09-2024 14:49
3378,view,871,545,06-09-2024 16:09
3379,view,462,590,06-09-2024 16:18
3380,view,259,527,06-09-2024 17:43
3381,view,794,503,06-09-2024 18:06
3382,view,682,583,06-09-2024 18:23
3383,view,540,529,06-09-2024 22:56
3384,view,247,514,07-09-2024 05:24
3385,view,493,596,07-09-2024 07:16
3386,view,552,595,07-09-2024 07:19
3387,view,703,530,07-09-2024 08:23
3388,view,870,594,07-09-2024 11:39
3389,view,222,516,07-09-2024 12:33
3390,view,492,579,07-09-2024 13:00
3391,view,655,548,07-09-2024 14:04
3392,view,267,551,07-09-2024 15:44
3393,view,448,561,07-09-2024 16:24
3394,view,684,524,07-09-2024 16:31
3395,view,873,592,07-09-2024 17:44
3396,add_to_cart,873,592,07-09-2024 17:45
3397,view,519,573,07-09-2024 18:30
3398,view,665,557,07-09-2024 18:44
3399,view,158,566,07-09-2024 18:56
3400,view,623,503,07-09-2024 23:09
3401,view,299,566,08-09-2024 02:22
3402,view,823,530,08-09-2024 05:40
3403,view,1023,509,08-09-2024 09:11
3404,view,1070,510,08-09-2024 14:03
3405,view,660,538,08-09-2024 16:01
3406,view,865,505,08-09-2024 17:44
3407,view,431,554,08-09-2024 18:10
3408,view,250,531,08-09-2024 19:39
3409,view,263,524,09-09-2024 03:48
3410,view,212,591,09-09-2024 05:42
3411,view,709,600,09-09-2024 06:17
3412,add_to_cart,111,523,09-09-2024 08:02
3413,view,111,523,09-09-2024 08:02
3414,view,392,551,09-09-2024 12:56
3415,view,514,536,09-09-2024 14:01
3416,view,153,597,09-09-2024 14:17
3417,view,109,534,09-09-2024 17:21
3418,view,600,530,09-09-2024 18:45
3419,view,374,510,09-09-2024 19:09
3420,view,846,536,09-09-2024 19:20
3421,view,850,558,10-09-2024 00:53
3422,view,947,588,10-09-2024 03:58
3423,view,632,502,10-09-2024 05:26
3424,view,221,523,10-09-2024 08:17
3425,view,354,558,10-09-2024 08:20
3426,view,825,594,10-09-2024 10:22
3427,view,506,504,10-09-2024 11:26
3428,view,347,547,10-09-2024 13:24
3429,add_to_cart,347,547,10-09-2024 13:26
3430,checkout,347,547,10-09-2024 13:27
3431,payment,347,547,10-09-2024 13:35
3432,order_placed,347,547,10-09-2024 13:36
3433,view,979,596,10-09-2024 15:57
3434,view,1098,590,10-09-2024 17:03
3435,view,1000,595,10-09-2024 17:36
3436,view,903,509,10-09-2024 18:30
3437,add_to_cart,225,534,10-09-2024 19:09
3438,view,225,534,10-09-2024 19:09
3439,view,920,583,10-09-2024 22:13
3440,view,339,536,11-09-2024 02:19
3441,view,666,550,11-09-2024 03:59
3442,view,467,512,11-09-2024 04:05
3443,view,257,575,11-09-2024 04:58
3444,view,537,581,11-09-2024 05:17
3445,view,170,569,11-09-2024 07:46
3446,view,414,557,11-09-2024 09:01
3447,view,1051,514,11-09-2024 09:46
3448,add_to_cart,1051,514,11-09-2024 09:47
3449,view,154,532,11-09-2024 11:37
3450,view,927,542,11-09-2024 18:26
3451,view,368,582,11-09-2024 18:47
3452,view,182,521,11-09-2024 23:00
3453,view,1058,560,12-09-2024 02:58
3454,view,780,567,12-09-2024 03:20
3455,view,580,549,12-09-2024 06:16
3456,view,1062,520,12-09-2024 09:15
3457,view,107,553,12-09-2024 12:31
3458,view,224,582,12-09-2024 12:38
3459,view,540,552,12-09-2024 12:38
3460,view,956,546,12-09-2024 14:38
3461,view,389,559,12-09-2024 14:55
3462,view,235,576,12-09-2024 20:29
3463,view,703,584,12-09-2024 22:09
3464,view,349,556,12-09-2024 23:50
3465,view,876,540,13-09-2024 00:25
3466,view,463,585,13-09-2024 01:21
3467,view,831,589,13-09-2024 03:10
3468,view,108,581,13-09-2024 05:47
3469,view,493,543,13-09-2024 06:39
3470,view,850,505,13-09-2024 06:43
3471,view,369,581,13-09-2024 06:57
3472,view,936,598,13-09-2024 08:15
3473,view,424,542,13-09-2024 09:58
3474,view,1060,559,13-09-2024 10:32
3475,view,1048,579,13-09-2024 11:16
3476,view,850,560,13-09-2024 15:46
3477,view,813,573,13-09-2024 17:39
3478,view,925,540,13-09-2024 18:35
3479,view,1012,508,14-09-2024 00:35
3480,view,102,540,14-09-2024 05:47
3481,view,552,569,14-09-2024 14:02
3482,view,394,568,14-09-2024 14:16
3483,view,173,577,14-09-2024 15:15
3484,view,1034,558,15-09-2024 00:31
3485,view,1060,524,15-09-2024 03:30
3486,view,718,525,15-09-2024 04:58
3487,view,437,513,15-09-2024 10:19
3488,add_to_cart,437,513,15-09-2024 10:21
3489,view,854,545,15-09-2024 12:18
3490,view,581,526,15-09-2024 12:58
3491,view,199,509,15-09-2024 14:30
3492,view,244,517,15-09-2024 15:15
3493,view,918,576,15-09-2024 15:31
3494,view,491,502,15-09-2024 16:41
3495,view,135,516,15-09-2024 17:12
3496,view,244,545,15-09-2024 20:56
3497,view,583,524,15-09-2024 23:28
3498,view,943,597,16-09-2024 00:38
3499,view,393,508,16-09-2024 00:54
3500,add_to_cart,393,508,16-09-2024 00:54
3501,checkout,393,508,16-09-2024 00:57
3502,payment,393,508,16-09-2024 01:05
3503,order_placed,393,508,16-09-2024 01:06
3504,view,893,533,16-09-2024 03:42
3505,add_to_cart,893,533,16-09-2024 03:42
3506,view,807,592,16-09-2024 08:57
3507,add_to_cart,807,592,16-09-2024 08:58
3508,checkout,807,592,16-09-2024 09:02
3509,payment,807,592,16-09-2024 09:09
3510,order_placed,807,592,16-09-2024 09:09
3511,view,708,555,16-09-2024 09:26
3512,view,232,515,16-09-2024 10:30
3513,add_to_cart,232,515,16-09-2024 10:31
3514,checkout,232,515,16-09-2024 10:36
3515,payment,232,515,16-09-2024 10:37
3516,order_placed,232,515,16-09-2024 10:38
3517,view,1100,535,16-09-2024 13:30
3518,view,304,565,16-09-2024 15:51
3519,view,629,573,16-09-2024 17:31
3520,view,240,547,16-09-2024 18:38
3521,view,337,578,16-09-2024 23:35
3522,view,258,591,17-09-2024 01:02
3523,view,459,502,17-09-2024 01:44
3524,add_to_cart,459,502,17-09-2024 01:45
3525,view,614,563,17-09-2024 02:56
3526,view,861,573,17-09-2024 06:03
3527,view,239,574,17-09-2024 07:32
3528,view,1005,590,17-09-2024 13:16
3529,view,531,514,17-09-2024 13:59
3530,view,235,540,17-09-2024 16:27
3531,view,1063,516,17-09-2024 17:42
3532,view,837,514,17-09-2024 18:58
3533,view,382,564,17-09-2024 23:23
3534,view,443,573,18-09-2024 02:26
3535,view,465,532,18-09-2024 03:08
3536,view,400,554,18-09-2024 15:23
3537,view,822,567,18-09-2024 17:37
3538,view,199,588,18-09-2024 17:41
3539,view,446,561,18-09-2024 17:51
3540,add_to_cart,446,561,18-09-2024 17:52
3541,view,646,581,18-09-2024 18:37
3542,view,933,564,18-09-2024 23:37
3543,view,679,587,19-09-2024 02:25
3544,view,897,503,19-09-2024 05:00
3545,view,318,600,19-09-2024 06:31
3546,view,153,547,19-09-2024 23:40
3547,view,305,503,20-09-2024 01:27
3548,add_to_cart,305,503,20-09-2024 01:28
3549,checkout,305,503,20-09-2024 01:33
3550,payment,305,503,20-09-2024 01:38
3551,order_placed,305,503,20-09-2024 01:40
3552,view,746,586,20-09-2024 01:59
3553,view,148,524,20-09-2024 04:24
3554,view,829,523,20-09-2024 11:39
3555,view,627,505,20-09-2024 12:28
3556,view,730,549,20-09-2024 12:45
3557,view,462,551,20-09-2024 15:25
3558,view,229,512,20-09-2024 16:18
3559,view,905,501,20-09-2024 16:22
3560,view,700,504,20-09-2024 23:19
3561,view,619,538,21-09-2024 01:33
3562,view,110,596,21-09-2024 02:46
3563,view,122,541,21-09-2024 02:53
3564,view,901,557,21-09-2024 03:57
3565,view,974,596,21-09-2024 04:35
3566,view,938,512,21-09-2024 07:09
3567,view,452,534,21-09-2024 07:52
3568,view,295,542,21-09-2024 10:41
3569,view,1085,503,21-09-2024 13:14
3570,view,186,535,21-09-2024 13:30
3571,view,214,574,21-09-2024 14:01
3572,view,1022,539,21-09-2024 16:11
3573,view,392,587,21-09-2024 21:30
3574,view,168,530,21-09-2024 21:39
3575,view,373,540,22-09-2024 00:14
3576,view,135,582,22-09-2024 01:23
3577,view,540,526,22-09-2024 03:55
3578,view,329,543,22-09-2024 04:34
3579,view,877,519,22-09-2024 06:11
3580,view,539,541,22-09-2024 07:52
3581,view,773,554,22-09-2024 08:50
3582,add_to_cart,773,554,22-09-2024 08:51
3583,view,690,537,22-09-2024 10:50
3584,view,680,515,22-09-2024 11:39
3585,view,1060,557,22-09-2024 16:47
3586,view,207,574,22-09-2024 18:16
3587,view,700,507,22-09-2024 21:08
3588,view,1049,515,22-09-2024 21:48
3589,add_to_cart,1049,515,22-09-2024 21:48
3590,checkout,1049,515,22-09-2024 21:53
3591,view,955,563,22-09-2024 22:04
3592,view,675,584,23-09-2024 01:13
3593,view,321,550,23-09-2024 01:25
3594,view,831,597,23-09-2024 01:48
3595,view,303,594,23-09-2024 03:48
3596,view,985,579,23-09-2024 07:47
3597,view,151,509,23-09-2024 08:03
3598,view,953,510,23-09-2024 15:10
3599,view,678,541,23-09-2024 17:42
3600,view,891,577,23-09-2024 22:07
3601,view,296,591,23-09-2024 23:07
3602,view,538,542,23-09-2024 23:15
3603,add_to_cart,538,542,23-09-2024 23:17
3604,checkout,538,542,23-09-2024 23:19
3605,payment,538,542,23-09-2024 23:27
3606,order_placed,538,542,23-09-2024 23:27
3607,view,927,506,24-09-2024 01:50
3608,view,379,562,24-09-2024 02:48
3609,view,347,564,24-09-2024 04:26
3610,view,348,507,24-09-2024 04:43
3611,view,495,589,24-09-2024 09:58
3612,view,572,543,24-09-2024 10:28
3613,view,246,528,24-09-2024 11:42
3614,view,374,518,24-09-2024 11:57
3615,view,272,588,24-09-2024 13:21
3616,view,870,503,24-09-2024 15:45
3617,view,500,518,24-09-2024 16:13
3618,view,614,504,24-09-2024 18:21
3619,view,121,592,24-09-2024 20:07
3620,view,799,577,25-09-2024 02:02
3621,view,857,519,25-09-2024 10:03
3622,add_to_cart,857,519,25-09-2024 10:05
3623,view,619,570,25-09-2024 12:16
3624,view,631,577,25-09-2024 12:16
3625,view,679,541,25-09-2024 20:11
3626,view,628,534,25-09-2024 21:53
3627,view,758,535,25-09-2024 21:59
3628,view,345,543,25-09-2024 22:13
3629,add_to_cart,345,543,25-09-2024 22:13
3630,checkout,345,543,25-09-2024 22:16
3631,payment,345,543,25-09-2024 22:23
3632,order_placed,345,543,25-09-2024 22:25
3633,view,744,591,26-09-2024 00:17
3634,view,862,540,26-09-2024 03:53
3635,view,943,582,26-09-2024 08:18
3636,view,649,546,26-09-2024 09:06
3637,view,1070,518,26-09-2024 13:09
3638,view,341,598,26-09-2024 13:52
3639,view,765,554,26-09-2024 15:59
3640,view,252,577,26-09-2024 16:42
3641,view,995,559,26-09-2024 19:47
3642,add_to_cart,995,559,26-09-2024 19:48
3643,view,662,587,26-09-2024 23:05
3644,view,907,522,26-09-2024 23:21
3645,view,840,566,27-09-2024 04:48
3646,view,336,563,27-09-2024 05:52
3647,view,186,585,27-09-2024 06:10
3648,view,235,509,27-09-2024 11:08
3649,view,1045,570,27-09-2024 12:46
3650,view,315,520,27-09-2024 14:15
3651,add_to_cart,315,520,27-09-2024 14:17
3652,checkout,315,520,27-09-2024 14:18
3653,view,481,565,27-09-2024 14:19
3654,payment,315,520,27-09-2024 14:21
3655,order_placed,315,520,27-09-2024 14:22
3656,view,854,530,27-09-2024 15:47
3657,add_to_cart,854,530,27-09-2024 15:49
3658,checkout,854,530,27-09-2024 15:51
3659,payment,854,530,27-09-2024 15:51
3660,order_placed,854,530,27-09-2024 15:52
3661,view,1069,513,27-09-2024 16:41
3662,view,494,507,27-09-2024 17:20
3663,view,495,572,27-09-2024 19:37
3664,view,1097,584,27-09-2024 19:46
3665,view,1024,512,27-09-2024 19:55
3666,view,734,577,27-09-2024 20:06
3667,view,948,574,27-09-2024 20:40
3668,view,1073,509,28-09-2024 02:54
3669,view,838,581,28-09-2024 04:19
3670,view,202,523,28-09-2024 04:21
3671,add_to_cart,838,581,28-09-2024 04:21
3672,view,113,504,28-09-2024 04:30
3673,view,778,562,28-09-2024 06:43
3674,view,767,542,28-09-2024 10:42
3675,view,307,508,28-09-2024 12:19
3676,view,444,570,28-09-2024 13:05
3677,view,1044,510,28-09-2024 19:37
3678,view,892,587,28-09-2024 20:06
3679,view,809,585,28-09-2024 20:34
3680,view,535,562,28-09-2024 21:48
3681,view,447,568,28-09-2024 22:53
3682,view,328,594,29-09-2024 00:05
3683,view,990,503,29-09-2024 01:37
3684,view,105,590,29-09-2024 02:59
3685,view,568,578,29-09-2024 03:57
3686,view,332,549,29-09-2024 05:13
3687,view,1026,506,29-09-2024 06:16
3688,view,582,578,29-09-2024 06:43
3689,view,874,529,29-09-2024 09:23
3690,view,573,512,29-09-2024 10:22
3691,view,198,520,29-09-2024 11:22
3692,view,332,546,29-09-2024 12:48
3693,view,487,568,29-09-2024 13:08
3694,view,1092,522,29-09-2024 14:14
3695,add_to_cart,1092,522,29-09-2024 14:15
3696,view,559,571,29-09-2024 15:32
3697,view,662,574,29-09-2024 21:58
3698,view,789,600,29-09-2024 22:00
3699,add_to_cart,789,600,29-09-2024 22:01
3700,checkout,789,600,29-09-2024 22:05
3701,payment,789,600,29-09-2024 22:09
3702,order_placed,789,600,29-09-2024 22:11
3703,view,166,522,29-09-2024 23:49
3704,view,1054,590,30-09-2024 02:15
3705,view,541,520,30-09-2024 02:37
3706,view,300,536,30-09-2024 03:14
3707,view,979,530,30-09-2024 03:59
3708,view,862,594,30-09-2024 06:07
3709,view,864,559,30-09-2024 07:18
3710,view,989,561,30-09-2024 07:41
3711,add_to_cart,989,561,30-09-2024 07:43
3712,view,304,575,30-09-2024 09:16
3713,view,423,569,30-09-2024 14:13
3714,view,267,566,30-09-2024 15:24
3715,view,159,554,30-09-2024 17:03
3716,view,779,514,30-09-2024 19:03
3717,add_to_cart,779,514,30-09-2024 19:04
3718,checkout,779,514,30-09-2024 19:07
3719,payment,779,514,30-09-2024 19:13
3720,order_placed,779,514,30-09-2024 19:14
3721,view,339,580,30-09-2024 20:27
3722,view,491,521,30-09-2024 21:54
3723,add_to_cart,736,579,01-10-2024 03:34
3724,view,736,579,01-10-2024 03:34
3725,checkout,736,579,01-10-2024 03:35
3726,payment,736,579,01-10-2024 03:39
3727,order_placed,736,579,01-10-2024 03:41
3728,view,252,551,01-10-2024 05:22
3729,view,682,557,01-10-2024 14:41
3730,view,967,515,01-10-2024 15:15
3731,view,814,529,01-10-2024 17:43
3732,view,708,567,01-10-2024 20:58
3733,view,299,532,01-10-2024 21:39
3734,view,801,591,01-10-2024 22:19
3735,view,571,579,01-10-2024 23:26
3736,view,477,531,01-10-2024 23:57
3737,view,701,557,02-10-2024 00:24
3738,view,320,564,02-10-2024 01:05
3739,view,779,514,02-10-2024 02:44
3740,view,337,551,02-10-2024 05:41
3741,view,223,524,02-10-2024 05:44
3742,add_to_cart,223,524,02-10-2024 05:45
3743,checkout,223,524,02-10-2024 05:47
3744,view,989,590,02-10-2024 05:49
3745,view,462,556,02-10-2024 07:24
3746,view,767,573,02-10-2024 14:38
3747,view,294,579,02-10-2024 16:24
3748,view,543,590,02-10-2024 17:38
3749,view,674,575,02-10-2024 19:40
3750,view,311,561,02-10-2024 19:50
3751,view,711,553,02-10-2024 22:42
3752,add_to_cart,711,553,02-10-2024 22:42
3753,checkout,711,553,02-10-2024 22:44
3754,payment,711,553,02-10-2024 22:50
3755,order_placed,711,553,02-10-2024 22:50
3756,view,1057,513,02-10-2024 23:54
3757,view,585,535,03-10-2024 02:58
3758,view,265,548,03-10-2024 05:47
3759,view,105,544,03-10-2024 11:51
3760,view,682,537,03-10-2024 12:47
3761,view,611,573,03-10-2024 14:27
3762,view,377,538,03-10-2024 14:37
3763,view,303,516,03-10-2024 17:09
3764,view,923,513,03-10-2024 17:46
3765,view,400,527,03-10-2024 18:45
3766,view,430,598,03-10-2024 20:14
3767,view,396,572,03-10-2024 23:25
3768,view,208,518,04-10-2024 01:25
3769,view,904,563,04-10-2024 05:43
3770,view,1045,563,04-10-2024 07:05
3771,view,738,575,04-10-2024 08:15
3772,view,578,597,04-10-2024 10:37
3773,view,682,568,04-10-2024 10:48
3774,view,187,562,04-10-2024 14:27
3775,view,1083,541,04-10-2024 15:57
3776,view,727,535,04-10-2024 16:14
3777,view,399,596,04-10-2024 17:06
3778,view,376,531,04-10-2024 20:53
3779,view,595,543,04-10-2024 21:32
3780,view,404,561,05-10-2024 00:09
3781,view,114,533,05-10-2024 05:24
3782,view,226,522,05-10-2024 06:48
3783,add_to_cart,226,522,05-10-2024 06:49
3784,checkout,226,522,05-10-2024 06:52
3785,view,884,572,05-10-2024 10:04
3786,view,756,588,05-10-2024 13:48
3787,view,323,576,05-10-2024 14:44
3788,view,988,565,05-10-2024 14:57
3789,add_to_cart,988,565,05-10-2024 14:59
3790,checkout,988,565,05-10-2024 15:00
3791,view,565,502,05-10-2024 15:05
3792,view,883,520,05-10-2024 19:57
3793,view,233,535,05-10-2024 20:36
3794,view,1009,533,05-10-2024 21:03
3795,view,729,529,05-10-2024 22:46
3796,add_to_cart,495,596,06-10-2024 00:18
3797,view,495,596,06-10-2024 00:18
3798,view,897,552,06-10-2024 06:33
3799,view,323,503,06-10-2024 06:35
3800,view,140,597,06-10-2024 07:24
3801,view,506,517,06-10-2024 13:11
3802,view,146,539,06-10-2024 22:45
3803,view,1088,586,06-10-2024 23:47
3804,view,1073,530,07-10-2024 02:17
3805,view,904,572,07-10-2024 04:03
3806,view,279,501,07-10-2024 09:24
3807,view,1032,558,07-10-2024 16:05
3808,view,558,550,07-10-2024 16:16
3809,view,805,529,07-10-2024 18:11
3810,view,858,543,07-10-2024 19:34
3811,view,1004,544,07-10-2024 20:17
3812,view,766,551,07-10-2024 20:39
3813,view,192,573,07-10-2024 20:43
3814,view,134,510,07-10-2024 21:08
3815,view,115,508,07-10-2024 22:16
3816,view,1000,514,08-10-2024 03:12
3817,view,1071,558,08-10-2024 08:04
3818,add_to_cart,1071,558,08-10-2024 08:05
3819,checkout,1071,558,08-10-2024 08:06
3820,payment,1071,558,08-10-2024 08:11
3821,order_placed,1071,558,08-10-2024 08:12
3822,view,520,574,08-10-2024 13:01
3823,view,1014,569,08-10-2024 13:52
3824,view,805,514,08-10-2024 19:10
3825,add_to_cart,805,514,08-10-2024 19:12
3826,checkout,805,514,08-10-2024 19:15
3827,view,551,535,08-10-2024 19:45
3828,view,1075,507,08-10-2024 21:32
3829,view,740,551,08-10-2024 22:45
3830,view,312,598,08-10-2024 23:21
3831,view,119,569,08-10-2024 23:23
3832,view,818,526,09-10-2024 01:54
3833,view,862,594,09-10-2024 04:24
3834,view,599,526,09-10-2024 04:45
3835,view,435,572,09-10-2024 04:48
3836,add_to_cart,435,572,09-10-2024 04:51
3837,view,811,537,09-10-2024 07:28
3838,view,689,526,09-10-2024 07:43
3839,view,863,557,09-10-2024 11:24
3840,view,679,552,09-10-2024 11:50
3841,view,1040,566,09-10-2024 11:56
3842,view,1029,552,09-10-2024 15:07
3843,add_to_cart,1029,552,09-10-2024 15:08
3844,checkout,1029,552,09-10-2024 15:11
3845,payment,1029,552,09-10-2024 15:16
3846,order_placed,1029,552,09-10-2024 15:18
3847,view,685,549,09-10-2024 17:49
3848,view,183,600,09-10-2024 21:03
3849,view,216,570,09-10-2024 22:06
3850,view,407,580,10-10-2024 00:30
3851,view,147,551,10-10-2024 01:39
3852,view,633,586,10-10-2024 02:30
3853,view,256,561,10-10-2024 06:10
3854,view,1052,580,10-10-2024 06:54
3855,view,243,545,10-10-2024 09:44
3856,view,663,550,10-10-2024 11:05
3857,view,433,505,10-10-2024 13:14
3858,view,305,580,10-10-2024 16:20
3859,view,161,570,10-10-2024 17:39
3860,view,454,568,10-10-2024 19:50
3861,view,380,559,10-10-2024 22:21
3862,view,237,517,10-10-2024 22:32
3863,view,950,509,11-10-2024 01:31
3864,view,757,572,11-10-2024 04:09
3865,view,721,524,11-10-2024 08:30
3866,view,121,506,11-10-2024 10:06
3867,view,711,555,11-10-2024 10:39
3868,view,205,514,11-10-2024 17:04
3869,view,594,535,11-10-2024 18:52
3870,view,687,525,11-10-2024 19:01
3871,view,776,596,11-10-2024 22:48
3872,view,726,521,11-10-2024 23:14
3873,view,598,535,12-10-2024 00:20
3874,view,746,512,12-10-2024 06:45
3875,view,740,543,12-10-2024 07:20
3876,add_to_cart,740,543,12-10-2024 07:20
3877,view,757,577,12-10-2024 08:57
3878,view,936,571,12-10-2024 09:57
3879,view,262,505,12-10-2024 10:10
3880,view,1087,506,12-10-2024 10:41
3881,view,327,567,12-10-2024 19:40
3882,view,631,502,12-10-2024 20:38
3883,view,579,533,12-10-2024 23:27
3884,view,124,530,13-10-2024 00:16
3885,view,993,566,13-10-2024 01:16
3886,view,1089,579,13-10-2024 02:02
3887,view,330,573,13-10-2024 02:59
3888,add_to_cart,330,573,13-10-2024 03:00
3889,view,758,600,13-10-2024 03:14
3890,view,272,503,13-10-2024 03:38
3891,view,599,520,13-10-2024 03:41
3892,add_to_cart,599,520,13-10-2024 03:42
3893,checkout,599,520,13-10-2024 03:45
3894,view,409,575,13-10-2024 08:43
3895,view,511,598,13-10-2024 10:34
3896,view,288,586,13-10-2024 10:39
3897,add_to_cart,288,586,13-10-2024 10:39
3898,checkout,288,586,13-10-2024 10:42
3899,payment,288,586,13-10-2024 10:48
3900,order_placed,288,586,13-10-2024 10:48
3901,view,791,561,13-10-2024 13:32
3902,view,144,586,13-10-2024 14:02
3903,add_to_cart,144,586,13-10-2024 14:05
3904,checkout,144,586,13-10-2024 14:08
3905,payment,144,586,13-10-2024 14:11
3906,order_placed,144,586,13-10-2024 14:12
3907,view,671,528,13-10-2024 14:53
3908,view,847,556,13-10-2024 15:21
3909,view,601,557,13-10-2024 18:39
3910,view,625,549,13-10-2024 18:46
3911,view,254,541,13-10-2024 20:00
3912,view,928,570,13-10-2024 20:53
3913,view,280,509,14-10-2024 05:49
3914,view,376,536,14-10-2024 07:53
3915,view,1002,589,14-10-2024 20:07
3916,view,667,575,14-10-2024 20:43
3917,view,529,560,14-10-2024 21:57
3918,view,151,541,15-10-2024 01:01
3919,view,447,527,15-10-2024 02:02
3920,view,513,517,15-10-2024 02:54
3921,view,569,545,15-10-2024 03:16
3922,view,512,542,15-10-2024 03:20
3923,view,565,600,15-10-2024 03:23
3924,view,495,554,15-10-2024 04:49
3925,view,994,567,15-10-2024 07:06
3926,view,625,517,15-10-2024 08:56
3927,view,355,589,15-10-2024 11:45
3928,view,883,558,15-10-2024 13:06
3929,view,753,574,15-10-2024 15:23
3930,view,724,507,15-10-2024 15:24
3931,view,606,563,15-10-2024 16:26
3932,view,752,549,15-10-2024 17:44
3933,view,917,550,15-10-2024 18:37
3934,view,1076,581,15-10-2024 18:57
3935,view,1031,573,15-10-2024 20:31
3936,view,818,510,15-10-2024 23:04
3937,view,153,599,16-10-2024 00:27
3938,view,930,531,16-10-2024 03:52
3939,view,434,502,16-10-2024 10:20
3940,view,564,574,16-10-2024 11:37
3941,view,411,559,16-10-2024 15:42
3942,view,613,569,16-10-2024 15:46
3943,view,227,532,16-10-2024 15:53
3944,view,575,503,16-10-2024 17:15
3945,view,449,533,16-10-2024 20:29
3946,view,1013,555,16-10-2024 21:04
3947,view,1039,550,16-10-2024 22:27
3948,view,1018,567,16-10-2024 22:50
3949,view,216,586,16-10-2024 23:11
3950,view,883,564,17-10-2024 00:38
3951,view,622,501,17-10-2024 06:15
3952,view,632,567,17-10-2024 08:30
3953,view,764,506,17-10-2024 09:06
3954,view,144,541,17-10-2024 09:17
3955,view,632,542,17-10-2024 09:23
3956,view,162,564,17-10-2024 16:54
3957,view,508,552,17-10-2024 18:51
3958,view,403,528,17-10-2024 20:30
3959,view,169,520,17-10-2024 21:25
3960,view,533,563,18-10-2024 06:19
3961,view,621,563,18-10-2024 09:24
3962,view,343,581,18-10-2024 10:26
3963,view,488,581,18-10-2024 11:58
3964,view,161,579,18-10-2024 16:38
3965,view,411,535,18-10-2024 17:56
3966,add_to_cart,411,535,18-10-2024 17:58
3967,checkout,411,535,18-10-2024 17:59
3968,payment,411,535,18-10-2024 18:01
3969,order_placed,411,535,18-10-2024 18:02
3970,view,1037,582,18-10-2024 19:17
3971,view,682,512,18-10-2024 22:39
3972,view,1051,503,18-10-2024 23:03
3973,view,605,553,19-10-2024 01:55
3974,view,363,582,19-10-2024 04:09
3975,view,1071,519,19-10-2024 04:36
3976,view,609,589,19-10-2024 05:40
3977,view,686,513,19-10-2024 05:57
3978,view,198,567,19-10-2024 09:37
3979,view,880,551,19-10-2024 15:25
3980,view,944,557,19-10-2024 15:30
3981,view,830,506,19-10-2024 16:21
3982,view,124,515,19-10-2024 17:06
3983,view,985,560,19-10-2024 18:06
3984,view,638,525,19-10-2024 18:49
3985,view,555,521,19-10-2024 21:12
3986,view,276,589,19-10-2024 22:55
3987,view,137,563,20-10-2024 13:23
3988,add_to_cart,137,563,20-10-2024 13:24
3989,view,235,508,20-10-2024 15:31
3990,add_to_cart,235,508,20-10-2024 15:33
3991,view,937,560,20-10-2024 18:02
3992,view,1095,547,20-10-2024 20:04
3993,view,721,503,20-10-2024 22:18
3994,view,118,545,21-10-2024 00:41
3995,add_to_cart,118,545,21-10-2024 00:42
3996,view,699,527,21-10-2024 01:17
3997,view,863,598,21-10-2024 02:39
3998,add_to_cart,863,598,21-10-2024 02:40
3999,view,1024,517,21-10-2024 04:55
4000,add_to_cart,284,559,21-10-2024 06:11
4001,view,284,559,21-10-2024 06:11
4002,view,462,551,21-10-2024 12:24
4003,view,1086,581,21-10-2024 19:11
4004,view,591,581,21-10-2024 20:49
4005,view,682,508,22-10-2024 03:42
4006,view,522,548,22-10-2024 06:39
4007,view,138,539,22-10-2024 14:41
4008,add_to_cart,138,539,22-10-2024 14:42
4009,view,850,577,22-10-2024 18:06
4010,view,105,542,22-10-2024 18:40
4011,view,927,582,22-10-2024 18:55
4012,view,225,587,22-10-2024 22:25
4013,view,616,527,23-10-2024 03:04
4014,add_to_cart,616,527,23-10-2024 03:05
4015,checkout,616,527,23-10-2024 03:06
4016,payment,616,527,23-10-2024 03:12
4017,order_placed,616,527,23-10-2024 03:13
4018,view,353,579,23-10-2024 03:42
4019,view,551,552,23-10-2024 04:02
4020,view,936,508,23-10-2024 05:57
4021,view,999,528,23-10-2024 08:41
4022,view,521,594,23-10-2024 15:02
4023,view,237,563,23-10-2024 17:49
4024,view,1063,546,23-10-2024 20:17
4025,view,1015,534,24-10-2024 02:39
4026,view,281,598,24-10-2024 03:30
4027,view,383,538,24-10-2024 09:04
4028,view,846,566,24-10-2024 12:00
4029,add_to_cart,846,566,24-10-2024 12:02
4030,view,477,581,24-10-2024 12:12
4031,view,592,576,24-10-2024 12:22
4032,view,340,578,24-10-2024 14:55
4033,view,582,546,24-10-2024 15:10
4034,add_to_cart,582,546,24-10-2024 15:11
4035,checkout,582,546,24-10-2024 15:14
4036,payment,582,546,24-10-2024 15:23
4037,order_placed,582,546,24-10-2024 15:23
4038,view,913,596,24-10-2024 20:30
4039,view,788,546,24-10-2024 20:35
4040,view,726,504,24-10-2024 20:46
4041,view,1075,578,24-10-2024 21:29
4042,view,300,555,24-10-2024 21:49
4043,view,877,541,25-10-2024 00:25
4044,view,314,524,25-10-2024 03:50
4045,add_to_cart,314,524,25-10-2024 03:51
4046,checkout,314,524,25-10-2024 03:55
4047,payment,314,524,25-10-2024 03:57
4048,view,899,579,25-10-2024 06:32
4049,view,305,585,25-10-2024 07:56
4050,view,887,503,25-10-2024 13:38
4051,add_to_cart,887,503,25-10-2024 13:40
4052,checkout,887,503,25-10-2024 13:41
4053,payment,887,503,25-10-2024 13:43
4054,order_placed,887,503,25-10-2024 13:43
4055,view,830,570,25-10-2024 14:17
4056,view,384,561,25-10-2024 18:09
4057,add_to_cart,384,561,25-10-2024 18:10
4058,checkout,384,561,25-10-2024 18:12
4059,view,799,544,25-10-2024 18:12
4060,view,874,559,25-10-2024 19:58
4061,view,942,551,26-10-2024 01:46
4062,view,647,533,26-10-2024 05:49
4063,add_to_cart,647,533,26-10-2024 05:49
4064,view,594,563,26-10-2024 06:37
4065,view,438,569,26-10-2024 07:13
4066,view,554,510,26-10-2024 08:00
4067,view,947,519,26-10-2024 10:01
4068,view,978,540,26-10-2024 10:34
4069,view,776,559,26-10-2024 11:14
4070,view,315,580,26-10-2024 12:18
4071,view,381,508,26-10-2024 14:21
4072,add_to_cart,381,508,26-10-2024 14:23
4073,checkout,381,508,26-10-2024 14:26
4074,view,136,600,26-10-2024 14:40
4075,add_to_cart,136,600,26-10-2024 14:41
4076,view,191,546,26-10-2024 18:51
4077,view,371,575,27-10-2024 01:00
4078,view,143,559,27-10-2024 06:48
4079,view,1074,547,27-10-2024 21:50
4080,view,1004,592,27-10-2024 22:07
4081,view,624,506,27-10-2024 23:47
4082,view,257,521,28-10-2024 06:05
4083,view,694,509,28-10-2024 13:26
4084,view,897,555,28-10-2024 15:12
4085,view,472,544,28-10-2024 16:50
4086,view,827,578,28-10-2024 20:22
4087,view,413,541,28-10-2024 23:02
4088,view,772,524,29-10-2024 05:05
4089,view,149,561,29-10-2024 05:39
4090,view,413,541,29-10-2024 06:20
4091,add_to_cart,413,541,29-10-2024 06:22
4092,checkout,413,541,29-10-2024 06:23
4093,payment,413,541,29-10-2024 06:24
4094,order_placed,413,541,29-10-2024 06:26
4095,view,711,543,29-10-2024 06:58
4096,view,797,542,29-10-2024 07:28
4097,view,594,517,29-10-2024 10:08
4098,view,105,569,29-10-2024 11:13
4099,view,839,585,29-10-2024 15:29
4100,view,1060,598,29-10-2024 15:30
4101,view,215,535,29-10-2024 16:54
4102,view,283,567,29-10-2024 17:01
4103,view,550,509,29-10-2024 18:15
4104,view,612,546,29-10-2024 22:16
4105,view,359,525,29-10-2024 23:36
4106,view,739,524,30-10-2024 04:23
4107,view,694,572,30-10-2024 06:58
4108,view,141,524,30-10-2024 07:16
4109,view,434,589,30-10-2024 08:54
4110,view,162,550,30-10-2024 13:13
4111,view,554,514,30-10-2024 17:08
4112,view,1070,596,30-10-2024 17:36
4113,view,939,528,30-10-2024 19:50
4114,add_to_cart,939,528,30-10-2024 19:51
4115,checkout,939,528,30-10-2024 19:52
4116,view,715,565,30-10-2024 21:59
4117,view,490,598,31-10-2024 00:35
4118,view,1064,516,31-10-2024 02:13
4119,view,588,536,31-10-2024 05:27
4120,view,225,550,31-10-2024 05:36
4121,view,873,514,31-10-2024 06:14
4122,view,1097,589,31-10-2024 08:45
4123,view,832,525,31-10-2024 10:56
4124,view,694,565,31-10-2024 12:30
4125,view,702,533,31-10-2024 16:04
4126,view,290,577,31-10-2024 20:01
4127,view,258,504,31-10-2024 20:20
4128,view,448,531,31-10-2024 23:19
4129,view,870,522,01-11-2024 01:26
4130,view,713,536,01-11-2024 03:29
4131,view,1044,512,01-11-2024 06:00
4132,view,528,578,01-11-2024 06:17
4133,view,129,561,01-11-2024 07:23
4134,view,1083,544,01-11-2024 07:49
4135,view,1000,579,01-11-2024 12:30
4136,view,659,542,01-11-2024 19:44
4137,view,148,530,01-11-2024 20:22
4138,add_to_cart,148,530,01-11-2024 20:22
4139,checkout,148,530,01-11-2024 20:26
4140,payment,148,530,01-11-2024 20:27
4141,order_placed,148,530,01-11-2024 20:29
4142,view,108,539,02-11-2024 04:40
4143,view,160,599,02-11-2024 07:33
4144,add_to_cart,160,599,02-11-2024 07:33
4145,view,132,582,02-11-2024 08:25
4146,add_to_cart,132,582,02-11-2024 08:26
4147,checkout,132,582,02-11-2024 08:30
4148,view,910,528,02-11-2024 13:39
4149,view,432,544,02-11-2024 14:40
4150,view,522,523,02-11-2024 15:21
4151,view,913,551,02-11-2024 17:56
4152,view,326,535,02-11-2024 18:30
4153,add_to_cart,326,535,02-11-2024 18:32
4154,view,524,571,02-11-2024 20:37
4155,view,628,542,02-11-2024 21:13
4156,view,485,535,03-11-2024 01:27
4157,add_to_cart,485,535,03-11-2024 01:28
4158,view,753,502,03-11-2024 01:57
4159,view,817,511,03-11-2024 03:26
4160,view,666,513,03-11-2024 06:05
4161,view,775,550,03-11-2024 06:50
4162,view,648,560,03-11-2024 07:07
4163,view,572,558,03-11-2024 07:21
4164,view,191,586,03-11-2024 09:35
4165,view,335,526,03-11-2024 09:41
4166,view,277,510,03-11-2024 12:33
4167,add_to_cart,277,510,03-11-2024 12:36
4168,checkout,277,510,03-11-2024 12:39
4169,view,226,544,03-11-2024 13:14
4170,view,101,563,03-11-2024 15:00
4171,add_to_cart,101,563,03-11-2024 15:01
4172,checkout,101,563,03-11-2024 15:04
4173,view,274,588,03-11-2024 16:48
4174,view,965,524,03-11-2024 17:55
4175,view,340,577,03-11-2024 17:59
4176,view,1004,511,03-11-2024 19:10
4177,add_to_cart,1004,511,03-11-2024 19:12
4178,checkout,1004,511,03-11-2024 19:16
4179,payment,1004,511,03-11-2024 19:24
4180,order_placed,1004,511,03-11-2024 19:24
4181,view,362,573,03-11-2024 20:07
4182,view,928,577,03-11-2024 23:42
4183,view,155,595,03-11-2024 23:59
4184,view,537,597,04-11-2024 00:16
4185,view,1093,594,04-11-2024 02:37
4186,view,251,587,04-11-2024 02:48
4187,add_to_cart,251,587,04-11-2024 02:50
4188,checkout,251,587,04-11-2024 02:52
4189,payment,251,587,04-11-2024 03:02
4190,order_placed,251,587,04-11-2024 03:04
4191,view,220,525,04-11-2024 06:43
4192,view,874,594,04-11-2024 08:56
4193,add_to_cart,874,594,04-11-2024 08:57
4194,view,297,549,04-11-2024 09:58
4195,view,292,577,04-11-2024 12:17
4196,view,715,529,04-11-2024 14:14
4197,view,856,543,04-11-2024 15:32
4198,view,193,507,04-11-2024 17:49
4199,view,584,579,04-11-2024 18:15
4200,view,223,561,05-11-2024 01:13
4201,view,1037,558,05-11-2024 02:01
4202,view,153,577,05-11-2024 02:10
4203,view,384,565,05-11-2024 02:58
4204,view,986,535,05-11-2024 04:03
4205,view,717,525,05-11-2024 04:58
4206,view,205,590,05-11-2024 09:00
4207,add_to_cart,205,590,05-11-2024 09:02
4208,checkout,205,590,05-11-2024 09:06
4209,payment,205,590,05-11-2024 09:06
4210,view,223,568,05-11-2024 09:54
4211,view,445,512,05-11-2024 13:47
4212,view,458,576,05-11-2024 14:31
4213,view,328,504,05-11-2024 16:54
4214,view,635,515,05-11-2024 17:11
4215,view,562,554,05-11-2024 18:49
4216,add_to_cart,562,554,05-11-2024 18:50
4217,view,298,559,05-11-2024 21:28
4218,view,1037,559,05-11-2024 22:08
4219,view,1065,576,05-11-2024 23:24
4220,view,260,571,06-11-2024 04:48
4221,view,411,518,06-11-2024 04:49
4222,add_to_cart,411,518,06-11-2024 04:49
4223,view,1063,533,06-11-2024 05:57
4224,add_to_cart,1063,533,06-11-2024 05:58
4225,view,360,539,06-11-2024 05:59
4226,add_to_cart,360,539,06-11-2024 05:59
4227,checkout,1063,533,06-11-2024 06:00
4228,payment,1063,533,06-11-2024 06:05
4229,order_placed,1063,533,06-11-2024 06:06
4230,view,768,543,06-11-2024 08:16
4231,view,354,558,06-11-2024 10:16
4232,view,126,504,06-11-2024 14:35
4233,view,700,573,06-11-2024 15:44
4234,view,1098,552,06-11-2024 20:51
4235,view,442,587,07-11-2024 00:03
4236,view,850,524,07-11-2024 03:19
4237,view,933,528,07-11-2024 09:27
4238,view,1056,574,07-11-2024 10:34
4239,view,926,593,07-11-2024 10:57
4240,view,129,528,07-11-2024 12:56
4241,add_to_cart,129,528,07-11-2024 12:57
4242,view,270,517,07-11-2024 13:04
4243,add_to_cart,270,517,07-11-2024 13:04
4244,view,204,525,07-11-2024 18:29
4245,view,745,526,07-11-2024 18:45
4246,view,925,564,07-11-2024 20:35
4247,view,485,594,07-11-2024 21:57
4248,view,396,501,07-11-2024 22:35
4249,view,569,557,07-11-2024 23:56
4250,view,190,524,08-11-2024 00:36
4251,view,685,560,08-11-2024 00:48
4252,view,870,503,08-11-2024 05:39
4253,view,259,595,08-11-2024 08:53
4254,add_to_cart,259,595,08-11-2024 08:55
4255,view,917,556,08-11-2024 15:09
4256,view,457,588,08-11-2024 16:32
4257,add_to_cart,457,588,08-11-2024 16:33
4258,checkout,457,588,08-11-2024 16:37
4259,payment,457,588,08-11-2024 16:39
4260,order_placed,457,588,08-11-2024 16:39
4261,view,367,542,08-11-2024 18:35
4262,view,801,574,08-11-2024 21:48
4263,view,1032,597,09-11-2024 05:15
4264,view,124,520,09-11-2024 05:54
4265,view,719,548,09-11-2024 07:15
4266,view,751,513,09-11-2024 08:58
4267,view,126,518,09-11-2024 13:54
4268,view,850,570,09-11-2024 16:41
4269,view,309,558,09-11-2024 19:45
4270,view,950,589,09-11-2024 20:13
4271,view,980,560,09-11-2024 20:23
4272,view,1089,516,09-11-2024 20:59
4273,view,837,594,09-11-2024 22:37
4274,view,584,593,10-11-2024 00:55
4275,view,726,589,10-11-2024 01:02
4276,view,813,509,10-11-2024 01:39
4277,view,844,553,10-11-2024 04:20
4278,view,118,510,10-11-2024 05:16
4279,view,745,552,10-11-2024 06:04
4280,view,590,527,10-11-2024 06:13
4281,view,422,505,10-11-2024 10:32
4282,view,765,587,10-11-2024 10:48
4283,view,198,541,10-11-2024 17:07
4284,view,192,537,10-11-2024 19:18
4285,view,794,575,10-11-2024 20:04
4286,view,885,576,10-11-2024 21:42
4287,view,432,558,10-11-2024 23:38
4288,view,247,508,11-11-2024 02:27
4289,view,899,568,11-11-2024 05:45
4290,add_to_cart,899,568,11-11-2024 05:47
4291,view,464,502,11-11-2024 07:47
4292,view,1019,586,11-11-2024 10:08
4293,view,830,555,11-11-2024 16:13
4294,view,782,520,11-11-2024 16:44
4295,add_to_cart,782,520,11-11-2024 16:44
4296,view,1063,533,11-11-2024 20:09
4297,view,370,557,11-11-2024 21:40
4298,view,857,562,11-11-2024 22:28
4299,view,993,552,12-11-2024 03:23
4300,view,840,546,12-11-2024 06:20
4301,view,789,563,12-11-2024 06:58
4302,view,1081,578,12-11-2024 07:20
4303,view,247,555,12-11-2024 09:14
4304,view,116,535,12-11-2024 14:00
4305,view,784,596,12-11-2024 15:05
4306,view,897,521,12-11-2024 18:27
4307,view,1006,551,12-11-2024 18:49
4308,view,676,548,12-11-2024 22:41
4309,view,668,516,12-11-2024 23:55
4310,view,815,534,13-11-2024 02:39
4311,view,762,520,13-11-2024 02:56
4312,view,111,542,13-11-2024 04:12
4313,view,495,599,13-11-2024 05:03
4314,view,853,555,13-11-2024 06:17
4315,view,569,598,13-11-2024 08:52
4316,view,283,555,13-11-2024 10:15
4317,view,1068,557,13-11-2024 11:33
4318,view,941,522,13-11-2024 11:34
4319,view,539,598,13-11-2024 16:48
4320,view,263,551,13-11-2024 17:18
4321,view,611,517,13-11-2024 17:38
4322,view,783,569,13-11-2024 18:14
4323,view,958,524,14-11-2024 00:07
4324,view,434,551,14-11-2024 00:41
4325,view,584,523,14-11-2024 01:00
4326,view,394,573,14-11-2024 06:01
4327,view,502,534,14-11-2024 07:43
4328,view,584,599,14-11-2024 08:06
4329,view,238,515,14-11-2024 09:08
4330,add_to_cart,238,515,14-11-2024 09:09
4331,checkout,238,515,14-11-2024 09:13
4332,view,1068,510,14-11-2024 10:49
4333,view,829,504,14-11-2024 14:44
4334,view,847,523,14-11-2024 17:16
4335,view,959,552,14-11-2024 20:50
4336,view,1042,504,14-11-2024 21:11
4337,add_to_cart,1042,504,14-11-2024 21:13
4338,checkout,1042,504,14-11-2024 21:16
4339,view,564,600,14-11-2024 21:41
4340,view,910,583,14-11-2024 22:38
4341,view,231,505,15-11-2024 04:27
4342,view,969,569,15-11-2024 05:28
4343,view,1016,507,15-11-2024 05:41
4344,add_to_cart,1016,507,15-11-2024 05:41
4345,view,294,596,15-11-2024 06:02
4346,view,561,505,15-11-2024 07:34
4347,view,358,526,15-11-2024 11:50
4348,view,157,592,15-11-2024 16:18
4349,view,166,600,15-11-2024 16:51
4350,add_to_cart,166,600,15-11-2024 16:52
4351,checkout,166,600,15-11-2024 16:53
4352,payment,166,600,15-11-2024 17:03
4353,order_placed,166,600,15-11-2024 17:04
4354,view,737,561,15-11-2024 18:54
4355,view,328,519,15-11-2024 21:03
4356,view,986,540,16-11-2024 00:18
4357,view,237,580,16-11-2024 00:44
4358,view,738,558,16-11-2024 01:36
4359,view,361,502,16-11-2024 05:36
4360,view,910,534,16-11-2024 07:04
4361,view,436,551,16-11-2024 09:08
4362,view,777,512,16-11-2024 14:51
4363,view,712,535,16-11-2024 17:44
4364,view,987,541,16-11-2024 17:54
4365,add_to_cart,987,541,16-11-2024 17:55
4366,checkout,987,541,16-11-2024 17:59
4367,payment,987,541,16-11-2024 18:00
4368,order_placed,987,541,16-11-2024 18:01
4369,view,324,512,16-11-2024 21:30
4370,view,467,530,16-11-2024 22:20
4371,view,1069,531,17-11-2024 00:51
4372,view,484,579,17-11-2024 05:40
4373,view,577,599,17-11-2024 06:07
4374,view,277,547,17-11-2024 07:16
4375,view,994,587,17-11-2024 12:33
4376,view,231,512,17-11-2024 17:07
4377,add_to_cart,231,512,17-11-2024 17:07
4378,checkout,231,512,17-11-2024 17:10
4379,view,964,569,17-11-2024 17:12
4380,payment,231,512,17-11-2024 17:19
4381,order_placed,231,512,17-11-2024 17:19
4382,view,503,509,17-11-2024 17:51
4383,view,1075,520,17-11-2024 18:26
4384,view,432,571,17-11-2024 21:15
4385,view,885,537,17-11-2024 23:30
4386,add_to_cart,885,537,17-11-2024 23:30
4387,checkout,885,537,17-11-2024 23:33
4388,payment,885,537,17-11-2024 23:38
4389,order_placed,885,537,17-11-2024 23:39
4390,view,820,531,18-11-2024 00:38
4391,view,1067,584,18-11-2024 01:55
4392,view,1085,532,18-11-2024 09:40
4393,view,410,534,18-11-2024 12:37
4394,view,967,582,18-11-2024 12:45
4395,view,826,564,18-11-2024 13:10
4396,view,804,507,18-11-2024 17:33
4397,view,206,582,18-11-2024 18:58
4398,view,483,560,18-11-2024 19:16
4399,view,1098,558,18-11-2024 20:15
4400,add_to_cart,1098,558,18-11-2024 20:15
4401,checkout,1098,558,18-11-2024 20:17
4402,payment,1098,558,18-11-2024 20:20
4403,order_placed,1098,558,18-11-2024 20:22
4404,view,989,579,19-11-2024 00:06
4405,view,987,520,19-11-2024 03:11
4406,view,732,590,19-11-2024 05:54
4407,add_to_cart,732,590,19-11-2024 05:55
4408,checkout,732,590,19-11-2024 05:59
4409,payment,732,590,19-11-2024 06:04
4410,order_placed,732,590,19-11-2024 06:05
4411,view,1091,524,19-11-2024 06:15
4412,view,966,561,19-11-2024 12:06
4413,view,1000,579,19-11-2024 13:33
4414,view,974,556,19-11-2024 14:39
4415,view,675,587,19-11-2024 15:08
4416,view,807,566,20-11-2024 00:30
4417,add_to_cart,807,566,20-11-2024 00:30
4418,checkout,807,566,20-11-2024 00:35
4419,view,608,580,20-11-2024 08:21
4420,view,640,540,20-11-2024 10:22
4421,view,637,528,20-11-2024 11:02
4422,view,695,518,20-11-2024 11:35
4423,add_to_cart,695,518,20-11-2024 11:37
4424,view,329,594,20-11-2024 15:06
4425,view,434,599,20-11-2024 16:03
4426,add_to_cart,434,599,20-11-2024 16:03
4427,checkout,434,599,20-11-2024 16:06
4428,payment,434,599,20-11-2024 16:09
4429,order_placed,434,599,20-11-2024 16:11
4430,view,750,542,20-11-2024 16:41
4431,view,611,580,20-11-2024 17:02
4432,add_to_cart,497,531,21-11-2024 02:04
4433,view,497,531,21-11-2024 02:04
4434,view,206,524,21-11-2024 02:35
4435,view,247,539,21-11-2024 05:04
4436,add_to_cart,247,539,21-11-2024 05:05
4437,checkout,247,539,21-11-2024 05:07
4438,view,146,523,21-11-2024 08:44
4439,view,186,513,21-11-2024 09:11
4440,view,323,576,21-11-2024 09:25
4441,view,169,560,21-11-2024 09:35
4442,view,655,551,21-11-2024 10:33
4443,view,478,568,21-11-2024 11:28
4444,view,134,595,21-11-2024 13:08
4445,view,398,520,21-11-2024 19:40
4446,view,279,542,21-11-2024 21:14
4447,view,821,544,22-11-2024 05:22
4448,view,1009,557,22-11-2024 05:51
4449,view,357,570,22-11-2024 09:36
4450,view,447,597,22-11-2024 15:37
4451,view,820,522,22-11-2024 18:32
4452,view,245,588,23-11-2024 01:29
4453,add_to_cart,245,588,23-11-2024 01:30
4454,view,521,502,23-11-2024 02:15
4455,add_to_cart,521,502,23-11-2024 02:16
4456,view,308,598,23-11-2024 02:40
4457,view,149,510,23-11-2024 02:50
4458,view,221,586,23-11-2024 03:20
4459,view,149,596,23-11-2024 14:29
4460,add_to_cart,149,596,23-11-2024 14:31
4461,view,450,552,23-11-2024 15:36
4462,view,835,541,23-11-2024 15:54
4463,view,275,558,24-11-2024 02:24
4464,add_to_cart,275,558,24-11-2024 02:25
4465,checkout,275,558,24-11-2024 02:30
4466,payment,275,558,24-11-2024 02:36
4467,order_placed,275,558,24-11-2024 02:37
4468,add_to_cart,142,532,24-11-2024 03:18
4469,view,142,532,24-11-2024 03:18
4470,checkout,142,532,24-11-2024 03:20
4471,view,610,566,24-11-2024 03:54
4472,add_to_cart,610,566,24-11-2024 03:57
4473,view,164,581,24-11-2024 06:27
4474,view,675,573,24-11-2024 08:26
4475,view,1048,588,24-11-2024 10:49
4476,view,837,577,24-11-2024 12:15
4477,view,352,576,24-11-2024 17:47
4478,view,239,554,24-11-2024 18:59
4479,add_to_cart,239,554,24-11-2024 19:00
4480,view,239,598,24-11-2024 19:37
4481,view,542,576,24-11-2024 20:06
4482,view,919,599,24-11-2024 23:39
4483,add_to_cart,919,599,24-11-2024 23:40
4484,view,142,575,24-11-2024 23:46
4485,view,604,516,25-11-2024 00:58
4486,view,655,535,25-11-2024 05:43
4487,view,595,514,25-11-2024 07:11
4488,view,1025,560,25-11-2024 10:51
4489,view,1001,570,25-11-2024 14:02
4490,view,774,575,25-11-2024 14:35
4491,view,305,544,25-11-2024 15:05
4492,view,877,574,25-11-2024 17:12
4493,view,756,518,25-11-2024 18:45
4494,view,1008,525,25-11-2024 20:56
4495,view,318,585,26-11-2024 00:26
4496,view,702,527,26-11-2024 02:19
4497,view,1082,562,26-11-2024 03:43
4498,view,674,566,26-11-2024 05:07
4499,view,622,519,26-11-2024 06:48
4500,view,997,534,26-11-2024 12:55
4501,add_to_cart,997,534,26-11-2024 12:55
4502,view,1087,530,26-11-2024 14:07
4503,view,740,502,26-11-2024 15:49
4504,view,102,512,26-11-2024 20:40
4505,view,474,580,26-11-2024 22:05
4506,view,879,574,26-11-2024 22:35
4507,view,414,501,26-11-2024 23:04
4508,view,248,569,27-11-2024 00:28
4509,view,392,585,27-11-2024 03:28
4510,view,655,588,27-11-2024 04:25
4511,view,1025,589,27-11-2024 06:11
4512,add_to_cart,1025,589,27-11-2024 06:12
4513,view,1034,557,27-11-2024 06:35
4514,view,747,570,27-11-2024 06:51
4515,view,218,511,27-11-2024 07:38
4516,view,537,520,27-11-2024 09:55
4517,view,447,594,27-11-2024 13:05
4518,view,103,508,27-11-2024 15:26
4519,view,665,559,27-11-2024 15:36
4520,view,169,600,27-11-2024 16:37
4521,view,981,513,27-11-2024 20:15
4522,view,861,532,28-11-2024 05:23
4523,view,755,580,28-11-2024 05:59
4524,view,518,516,28-11-2024 10:35
4525,add_to_cart,518,516,28-11-2024 10:35
4526,view,369,540,28-11-2024 16:03
4527,view,979,521,28-11-2024 17:17
4528,view,450,522,28-11-2024 17:27
4529,view,396,515,28-11-2024 17:48
4530,view,615,595,28-11-2024 17:48
4531,view,265,511,28-11-2024 18:50
4532,view,219,528,28-11-2024 19:41
4533,view,515,508,28-11-2024 23:45
4534,view,536,573,28-11-2024 23:58
4535,view,478,505,29-11-2024 01:35
4536,view,723,523,29-11-2024 01:47
4537,view,555,554,29-11-2024 01:49
4538,view,872,576,29-11-2024 02:45
4539,view,396,583,29-11-2024 04:18
4540,view,865,599,29-11-2024 09:19
4541,view,354,537,29-11-2024 10:24
4542,view,711,600,29-11-2024 13:12
4543,view,426,536,29-11-2024 14:45
4544,view,616,590,29-11-2024 15:09
4545,view,536,594,29-11-2024 15:49
4546,add_to_cart,536,594,29-11-2024 15:50
4547,view,470,541,29-11-2024 17:41
4548,view,380,536,29-11-2024 20:29
4549,view,327,539,30-11-2024 00:16
4550,add_to_cart,327,539,30-11-2024 00:18
4551,checkout,327,539,30-11-2024 00:20
4552,payment,327,539,30-11-2024 00:22
4553,order_placed,327,539,30-11-2024 00:23
4554,view,971,538,30-11-2024 00:46
4555,view,398,507,30-11-2024 03:04
4556,view,643,512,30-11-2024 04:58
4557,view,224,566,30-11-2024 07:31
4558,view,480,555,30-11-2024 21:45
4559,view,1020,587,01-12-2024 00:10
4560,view,775,548,01-12-2024 00:27
4561,view,588,599,01-12-2024 02:23
4562,view,1026,507,01-12-2024 03:42
4563,view,547,513,01-12-2024 09:04
4564,add_to_cart,547,513,01-12-2024 09:07
4565,checkout,547,513,01-12-2024 09:08
4566,payment,547,513,01-12-2024 09:09
4567,order_placed,547,513,01-12-2024 09:11
4568,view,935,594,01-12-2024 20:37
4569,view,933,583,01-12-2024 21:41
4570,add_to_cart,933,583,01-12-2024 21:43
4571,checkout,933,583,01-12-2024 21:47
4572,payment,933,583,01-12-2024 21:49
4573,order_placed,933,583,01-12-2024 21:50
4574,view,304,569,01-12-2024 21:52
4575,view,247,549,01-12-2024 22:19
4576,view,821,577,02-12-2024 03:24
4577,view,688,536,02-12-2024 08:05
4578,view,1083,564,02-12-2024 08:24
4579,view,775,535,02-12-2024 10:43
4580,add_to_cart,775,535,02-12-2024 10:45
4581,view,1090,549,02-12-2024 12:21
4582,view,1072,511,02-12-2024 14:00
4583,view,657,505,02-12-2024 20:54
4584,view,774,540,02-12-2024 20:56
4585,view,205,511,02-12-2024 21:51
4586,view,562,535,02-12-2024 22:27
4587,view,459,565,03-12-2024 03:59
4588,view,691,567,03-12-2024 06:05
4589,view,892,509,03-12-2024 08:10
4590,view,189,522,03-12-2024 08:32
4591,view,455,516,03-12-2024 11:27
4592,view,523,522,03-12-2024 15:22
4593,view,176,507,03-12-2024 15:55
4594,view,731,552,03-12-2024 16:19
4595,view,858,544,03-12-2024 16:44
4596,add_to_cart,858,544,03-12-2024 16:46
4597,view,996,566,03-12-2024 17:42
4598,view,816,522,03-12-2024 21:33
4599,add_to_cart,816,522,03-12-2024 21:36
4600,view,612,526,04-12-2024 01:37
4601,view,199,590,04-12-2024 01:40
4602,view,294,506,04-12-2024 03:13
4603,view,1097,562,04-12-2024 05:22
4604,view,404,547,04-12-2024 07:15
4605,view,106,508,04-12-2024 07:26
4606,view,1076,567,04-12-2024 07:46
4607,view,137,570,04-12-2024 08:02
4608,view,958,589,04-12-2024 15:00
4609,view,163,508,04-12-2024 19:45
4610,view,431,524,04-12-2024 21:04
4611,add_to_cart,503,532,05-12-2024 04:29
4612,view,503,532,05-12-2024 04:29
4613,checkout,503,532,05-12-2024 04:30
4614,payment,503,532,05-12-2024 04:38
4615,order_placed,503,532,05-12-2024 04:39
4616,view,520,582,05-12-2024 07:40
4617,view,1005,584,05-12-2024 10:31
4618,view,710,573,05-12-2024 10:59
4619,view,140,537,05-12-2024 14:10
4620,view,1065,568,05-12-2024 17:45
4621,view,1092,556,05-12-2024 19:33
4622,view,1037,585,05-12-2024 23:35
4623,view,1079,597,06-12-2024 01:31
4624,view,954,592,06-12-2024 05:20
4625,view,295,589,06-12-2024 06:21
4626,view,219,536,06-12-2024 06:35
4627,view,772,596,06-12-2024 10:41
4628,view,1080,599,06-12-2024 13:05
4629,view,841,576,06-12-2024 14:33
4630,view,1038,576,06-12-2024 17:02
4631,view,246,532,06-12-2024 18:01
4632,view,754,522,06-12-2024 20:56
4633,view,758,535,06-12-2024 22:34
4634,view,707,564,07-12-2024 00:02
4635,view,302,549,07-12-2024 00:41
4636,view,520,527,07-12-2024 03:30
4637,view,815,502,07-12-2024 08:09
4638,add_to_cart,815,502,07-12-2024 08:12
4639,view,975,527,07-12-2024 11:30
4640,view,892,593,07-12-2024 11:52
4641,view,131,543,07-12-2024 14:46
4642,view,869,537,07-12-2024 16:19
4643,view,689,526,07-12-2024 17:06
4644,view,1016,538,07-12-2024 18:55
4645,view,566,529,07-12-2024 19:14
4646,view,453,585,07-12-2024 20:31
4647,view,531,535,08-12-2024 03:17
4648,view,1001,524,08-12-2024 09:24
4649,view,121,582,08-12-2024 10:58
4650,view,761,587,08-12-2024 13:07
4651,view,894,584,08-12-2024 15:42
4652,view,833,510,08-12-2024 16:39
4653,view,338,554,08-12-2024 18:11
4654,view,291,592,08-12-2024 19:01
4655,view,581,503,08-12-2024 22:36
4656,view,1000,562,09-12-2024 02:49
4657,view,404,558,09-12-2024 05:46
4658,view,1063,571,09-12-2024 07:30
4659,view,173,584,09-12-2024 09:31
4660,view,897,504,09-12-2024 09:46
4661,view,1079,576,09-12-2024 13:21
4662,view,830,590,09-12-2024 13:51
4663,view,270,518,09-12-2024 15:33
4664,view,449,539,09-12-2024 17:13
4665,view,822,553,09-12-2024 19:34
4666,view,858,544,10-12-2024 00:41
4667,view,607,553,10-12-2024 00:48
4668,view,922,546,10-12-2024 01:09
4669,view,879,511,10-12-2024 06:34
4670,add_to_cart,879,511,10-12-2024 06:35
4671,view,108,528,10-12-2024 12:22
4672,view,615,526,10-12-2024 19:14
4673,view,636,543,10-12-2024 20:22
4674,view,506,520,10-12-2024 23:44
4675,view,851,501,11-12-2024 02:29
4676,view,619,505,11-12-2024 03:30
4677,view,525,592,11-12-2024 13:23
4678,add_to_cart,525,592,11-12-2024 13:25
4679,checkout,525,592,11-12-2024 13:29
4680,payment,525,592,11-12-2024 13:34
4681,order_placed,525,592,11-12-2024 13:35
4682,view,764,516,11-12-2024 13:48
4683,add_to_cart,764,516,11-12-2024 13:50
4684,checkout,764,516,11-12-2024 13:53
4685,payment,764,516,11-12-2024 13:57
4686,order_placed,764,516,11-12-2024 13:58
4687,view,549,512,11-12-2024 16:16
4688,view,814,539,11-12-2024 17:41
4689,view,201,549,11-12-2024 18:43
4690,view,299,562,11-12-2024 21:48
4691,view,250,507,11-12-2024 22:11
4692,view,630,526,11-12-2024 22:49
4693,view,151,556,11-12-2024 23:13
4694,view,193,534,12-12-2024 00:25
4695,add_to_cart,193,534,12-12-2024 00:27
4696,checkout,193,534,12-12-2024 00:30
4697,payment,193,534,12-12-2024 00:35
4698,order_placed,193,534,12-12-2024 00:36
4699,view,676,543,12-12-2024 03:44
4700,view,771,579,12-12-2024 05:45
4701,view,331,587,12-12-2024 12:11
4702,view,656,577,12-12-2024 13:50
4703,view,184,560,12-12-2024 17:50
4704,view,529,505,12-12-2024 19:32
4705,add_to_cart,529,505,12-12-2024 19:32
4706,checkout,529,505,12-12-2024 19:35
4707,view,351,508,12-12-2024 19:40
4708,view,397,544,12-12-2024 20:38
4709,view,643,533,12-12-2024 22:13
4710,view,1098,529,13-12-2024 02:02
4711,view,331,505,13-12-2024 02:27
4712,view,948,528,13-12-2024 05:15
4713,view,557,504,13-12-2024 08:37
4714,view,980,595,13-12-2024 11:54
4715,view,710,587,13-12-2024 13:51
4716,view,1004,583,13-12-2024 16:19
4717,view,565,535,13-12-2024 18:52
4718,add_to_cart,565,535,13-12-2024 18:54
4719,checkout,565,535,13-12-2024 18:58
4720,view,226,549,13-12-2024 19:11
4721,view,770,593,13-12-2024 19:35
4722,view,531,550,13-12-2024 20:59
4723,view,327,568,13-12-2024 21:15
4724,view,1099,561,13-12-2024 21:39
4725,view,996,528,14-12-2024 01:28
4726,view,983,591,14-12-2024 03:44
4727,view,429,561,14-12-2024 05:07
4728,view,686,580,14-12-2024 09:08
4729,view,878,502,14-12-2024 09:59
4730,view,876,580,14-12-2024 10:05
4731,view,496,571,14-12-2024 10:38
4732,view,1042,508,14-12-2024 11:25
4733,view,532,588,14-12-2024 14:44
4734,view,857,544,14-12-2024 14:56
4735,add_to_cart,857,544,14-12-2024 14:58
4736,checkout,857,544,14-12-2024 15:02
4737,view,997,534,14-12-2024 16:40
4738,view,199,524,14-12-2024 19:24
4739,view,128,547,14-12-2024 20:15
4740,view,665,503,14-12-2024 22:59
4741,view,648,505,14-12-2024 23:07
4742,view,1075,523,15-12-2024 02:36
4743,add_to_cart,1075,523,15-12-2024 02:38
4744,checkout,1075,523,15-12-2024 02:39
4745,payment,1075,523,15-12-2024 02:48
4746,order_placed,1075,523,15-12-2024 02:50
4747,view,870,517,15-12-2024 03:05
4748,view,512,542,15-12-2024 04:43
4749,view,682,595,15-12-2024 05:18
4750,view,329,589,15-12-2024 06:54
4751,view,668,573,15-12-2024 19:47
4752,view,1041,575,15-12-2024 20:21
4753,view,443,522,15-12-2024 23:58
4754,view,254,555,16-12-2024 03:54
4755,view,781,522,16-12-2024 09:36
4756,view,104,529,16-12-2024 09:39
4757,view,107,532,16-12-2024 09:54
4758,view,218,506,16-12-2024 14:48
4759,view,272,550,16-12-2024 19:17
4760,view,615,505,16-12-2024 19:31
4761,view,703,522,17-12-2024 00:58
4762,view,1003,525,17-12-2024 04:31
4763,view,710,600,17-12-2024 04:43
4764,view,279,579,17-12-2024 06:00
4765,view,910,514,17-12-2024 09:29
4766,view,562,566,17-12-2024 11:20
4767,add_to_cart,562,566,17-12-2024 11:23
4768,checkout,562,566,17-12-2024 11:27
4769,payment,562,566,17-12-2024 11:35
4770,order_placed,562,566,17-12-2024 11:35
4771,view,256,546,17-12-2024 13:39
4772,view,757,593,17-12-2024 19:06
4773,view,789,596,18-12-2024 01:26
4774,view,1008,576,18-12-2024 06:48
4775,add_to_cart,1008,576,18-12-2024 06:50
4776,checkout,1008,576,18-12-2024 06:52
4777,payment,1008,576,18-12-2024 07:00
4778,order_placed,1008,576,18-12-2024 07:01
4779,view,408,576,18-12-2024 10:07
4780,view,951,523,18-12-2024 10:24
4781,view,620,596,18-12-2024 11:42
4782,view,807,541,18-12-2024 21:06
4783,view,324,552,18-12-2024 23:59
4784,view,375,565,19-12-2024 00:00
4785,add_to_cart,375,565,19-12-2024 00:02
4786,view,709,502,19-12-2024 01:37
4787,view,170,517,19-12-2024 01:39
4788,view,1024,516,19-12-2024 02:06
4789,add_to_cart,1024,516,19-12-2024 02:08
4790,view,733,537,19-12-2024 05:22
4791,view,115,557,19-12-2024 06:31
4792,add_to_cart,115,557,19-12-2024 06:33
4793,view,474,524,19-12-2024 07:02
4794,view,715,594,19-12-2024 07:42
4795,view,1054,581,19-12-2024 08:46
4796,view,653,576,19-12-2024 09:38
4797,view,1064,532,19-12-2024 12:53
4798,view,763,529,19-12-2024 13:51
4799,view,900,503,19-12-2024 17:22
4800,view,959,549,19-12-2024 19:27
4801,add_to_cart,959,549,19-12-2024 19:28
4802,checkout,959,549,19-12-2024 19:30
4803,payment,959,549,19-12-2024 19:36
4804,order_placed,959,549,19-12-2024 19:37
4805,view,796,546,19-12-2024 20:52
4806,view,401,572,19-12-2024 23:06
4807,view,184,518,19-12-2024 23:09
4808,add_to_cart,184,518,19-12-2024 23:10
4809,checkout,184,518,19-12-2024 23:12
4810,view,598,575,19-12-2024 23:35
4811,add_to_cart,598,575,19-12-2024 23:37
4812,checkout,598,575,19-12-2024 23:38
4813,payment,598,575,19-12-2024 23:41
4814,order_placed,598,575,19-12-2024 23:43
4815,view,350,526,19-12-2024 23:43
4816,view,341,502,20-12-2024 00:04
4817,view,551,521,20-12-2024 01:00
4818,add_to_cart,551,521,20-12-2024 01:01
4819,view,1082,597,20-12-2024 04:30
4820,view,783,568,20-12-2024 05:39
4821,view,707,542,20-12-2024 07:07
4822,view,741,592,20-12-2024 12:00
4823,view,815,516,20-12-2024 12:06
4824,view,821,504,20-12-2024 12:49
4825,view,225,531,20-12-2024 13:57
4826,view,878,527,20-12-2024 14:01
4827,add_to_cart,878,527,20-12-2024 14:03
4828,checkout,878,527,20-12-2024 14:06
4829,view,679,520,20-12-2024 16:01
4830,view,715,590,20-12-2024 16:46
4831,view,660,582,20-12-2024 17:09
4832,view,546,561,20-12-2024 19:20
4833,view,491,543,20-12-2024 20:35
4834,view,825,510,20-12-2024 20:47
4835,add_to_cart,253,540,21-12-2024 05:16
4836,view,253,540,21-12-2024 05:16
4837,view,840,592,21-12-2024 05:22
4838,view,882,538,21-12-2024 05:31
4839,view,345,515,21-12-2024 22:54
4840,view,927,586,21-12-2024 23:07
4841,view,1015,600,22-12-2024 00:58
4842,add_to_cart,1015,600,22-12-2024 01:00
4843,view,114,520,22-12-2024 01:55
4844,view,971,553,22-12-2024 05:56
4845,view,245,554,22-12-2024 07:58
4846,view,378,521,22-12-2024 10:21
4847,add_to_cart,845,536,22-12-2024 13:04
4848,view,845,536,22-12-2024 13:04
4849,checkout,845,536,22-12-2024 13:08
4850,view,834,577,22-12-2024 13:21
4851,view,436,518,22-12-2024 18:42
4852,view,1077,543,22-12-2024 19:26
4853,view,433,559,22-12-2024 22:02
4854,view,1020,528,22-12-2024 22:29
4855,view,800,511,23-12-2024 00:03
4856,add_to_cart,800,511,23-12-2024 00:03
4857,view,596,517,23-12-2024 05:06
4858,view,937,514,23-12-2024 10:08
4859,view,779,549,23-12-2024 11:50
4860,view,145,560,23-12-2024 16:52
4861,add_to_cart,145,560,23-12-2024 16:54
4862,view,915,559,23-12-2024 17:17
4863,view,254,522,23-12-2024 18:33
4864,view,762,589,23-12-2024 21:26
4865,view,279,552,24-12-2024 03:58
4866,view,528,552,24-12-2024 03:58
4867,view,1030,583,24-12-2024 04:46
4868,view,621,562,24-12-2024 04:52
4869,view,680,533,24-12-2024 10:11
4870,add_to_cart,680,533,24-12-2024 10:13
4871,checkout,680,533,24-12-2024 10:15
4872,payment,680,533,24-12-2024 10:21
4873,order_placed,680,533,24-12-2024 10:22
4874,view,963,571,24-12-2024 10:23
4875,add_to_cart,963,571,24-12-2024 10:24
4876,view,659,574,24-12-2024 10:54
4877,view,866,568,24-12-2024 12:14
4878,view,735,525,24-12-2024 13:56
4879,add_to_cart,735,525,24-12-2024 13:58
4880,checkout,735,525,24-12-2024 14:02
4881,payment,735,525,24-12-2024 14:10
4882,order_placed,735,525,24-12-2024 14:12
4883,view,681,567,24-12-2024 14:31
4884,view,503,587,24-12-2024 17:30
4885,view,303,549,24-12-2024 17:34
4886,view,931,599,24-12-2024 18:02
4887,view,711,542,24-12-2024 18:27
4888,view,277,514,24-12-2024 19:57
4889,view,486,568,24-12-2024 22:12
4890,view,553,537,25-12-2024 00:33
4891,view,1057,546,25-12-2024 00:52
4892,view,760,513,25-12-2024 03:48
4893,view,293,537,25-12-2024 04:18
4894,add_to_cart,293,537,25-12-2024 04:19
4895,checkout,293,537,25-12-2024 04:20
4896,payment,293,537,25-12-2024 04:22
4897,order_placed,293,537,25-12-2024 04:23
4898,view,574,526,25-12-2024 05:46
4899,view,997,550,25-12-2024 07:28
4900,view,548,590,25-12-2024 08:50
4901,view,213,552,25-12-2024 11:58
4902,view,466,534,25-12-2024 12:53
4903,view,536,582,25-12-2024 16:17
4904,view,1088,507,25-12-2024 17:33
4905,view,215,539,25-12-2024 20:13
4906,add_to_cart,215,539,25-12-2024 20:14
4907,checkout,215,539,25-12-2024 20:15
4908,payment,215,539,25-12-2024 20:22
4909,order_placed,215,539,25-12-2024 20:23
4910,view,324,510,25-12-2024 20:48
4911,view,706,551,26-12-2024 00:11
4912,view,317,523,26-12-2024 01:28
4913,view,903,528,26-12-2024 02:22
4914,view,1047,539,26-12-2024 03:37
4915,view,825,592,26-12-2024 08:07
4916,view,979,547,26-12-2024 08:23
4917,view,790,501,26-12-2024 08:34
4918,view,624,579,26-12-2024 21:03
4919,view,422,588,26-12-2024 21:26
4920,view,415,546,26-12-2024 21:26
4921,view,880,531,27-12-2024 00:36
4922,view,102,518,27-12-2024 00:56
4923,view,312,560,27-12-2024 01:49
4924,view,450,530,27-12-2024 01:55
4925,view,689,575,27-12-2024 02:47
4926,view,372,528,27-12-2024 06:23
4927,view,1027,596,27-12-2024 11:57
4928,view,844,551,27-12-2024 12:12
4929,add_to_cart,844,551,27-12-2024 12:14
4930,view,149,547,27-12-2024 12:20
4931,view,899,567,27-12-2024 18:05
4932,view,483,563,27-12-2024 22:38
4933,view,533,557,27-12-2024 22:44
4934,view,235,525,27-12-2024 23:44
4935,view,440,534,28-12-2024 00:03
4936,view,873,548,28-12-2024 02:49
4937,view,607,533,28-12-2024 04:18
4938,view,645,514,28-12-2024 06:03
4939,view,338,503,28-12-2024 07:08
4940,view,607,536,28-12-2024 08:59
4941,view,824,589,28-12-2024 09:29
4942,view,255,576,28-12-2024 13:05
4943,view,136,600,28-12-2024 15:04
4944,view,345,593,28-12-2024 15:13
4945,add_to_cart,958,580,28-12-2024 15:21
4946,view,958,580,28-12-2024 15:21
4947,checkout,958,580,28-12-2024 15:22
4948,view,869,582,28-12-2024 19:02
4949,view,1081,525,28-12-2024 21:49
4950,view,676,566,28-12-2024 22:48
4951,view,148,566,29-12-2024 00:01
4952,view,269,514,29-12-2024 03:32
4953,view,352,526,29-12-2024 04:52
4954,view,642,518,29-12-2024 05:49
4955,view,548,544,29-12-2024 08:36
4956,view,1067,538,29-12-2024 09:13
4957,add_to_cart,1067,538,29-12-2024 09:15
4958,checkout,1067,538,29-12-2024 09:16
4959,payment,1067,538,29-12-2024 09:22
4960,order_placed,1067,538,29-12-2024 09:23
4961,view,563,544,29-12-2024 11:27
4962,view,157,555,29-12-2024 12:41
4963,view,866,537,29-12-2024 13:30
4964,add_to_cart,866,537,29-12-2024 13:30
4965,checkout,866,537,29-12-2024 13:33
4966,payment,866,537,29-12-2024 13:38
4967,order_placed,866,537,29-12-2024 13:38
4968,view,344,593,29-12-2024 19:13
4969,add_to_cart,344,593,29-12-2024 19:14
4970,checkout,344,593,29-12-2024 19:18
4971,payment,344,593,29-12-2024 19:27
4972,view,810,551,29-12-2024 21:31
4973,view,877,600,29-12-2024 22:26
4974,view,249,575,30-12-2024 00:34
4975,add_to_cart,249,575,30-12-2024 00:34
4976,checkout,249,575,30-12-2024 00:37
4977,payment,249,575,30-12-2024 00:39
4978,order_placed,249,575,30-12-2024 00:41
4979,view,998,520,30-12-2024 05:26
4980,view,521,540,30-12-2024 11:52
4981,view,623,577,30-12-2024 13:37
4982,view,610,588,30-12-2024 18:22
4983,view,785,537,30-12-2024 21:49
4984,view,775,597,30-12-2024 22:16
4985,view,864,546,30-12-2024 22:53
4986,view,799,532,30-12-2024 22:54
4987,view,146,506,30-12-2024 23:25
4988,view,1014,558,31-12-2024 01:45
4989,view,425,512,31-12-2024 02:01
4990,view,403,504,31-12-2024 03:51
4991,view,651,582,31-12-2024 05:06
4992,view,331,559,31-12-2024 05:50
4993,view,513,556,31-12-2024 06:01
4994,view,239,524,31-12-2024 08:45
4995,view,548,569,31-12-2024 09:17
4996,view,268,561,31-12-2024 12:03
4997,view,427,578,31-12-2024 15:20
4998,view,973,509,31-12-2024 16:40
4999,view,1014,545,31-12-2024 21:12
5000,view,133,540,31-12-2024 23:03
